scale,steel_kind,pt_thick,pt_width,pt_length,hsb,fur_heat_temp,fur_heat_time,fur_soak_temp,fur_soak_time,rolling_method,rolling_temp,descaling_count,fur_preheat_time,furnace
0,T,32,3700,15100,적용,1144,116,1133,59,TMCP(온도제어),934,8,84,1호기1열
0,T,32,3700,15100,적용,1144,122,1135,53,TMCP(온도제어),937,8,63,1호기2열
0,T,33,3600,19200,적용,1129,116,1121,55,TMCP(온도제어),889,8,87,2호기1열
0,T,33,3600,19200,적용,1152,125,1127,68,TMCP(온도제어),885,8,73,2호기2열
0,T,38,3100,13300,적용,1140,134,1128,48,TMCP(온도제어),873,8,64,3호기1열
0,T,38,3100,13300,적용,1143,127,1128,57,TMCP(온도제어),874,8,71,3호기2열
0,T,38,3100,16700,적용,1138,126,1130,50,TMCP(온도제어),878,8,102,1호기1열
0,T,38,3100,16700,적용,1139,126,1131,52,TMCP(온도제어),870,8,94,1호기2열
0,T,38,3100,16700,적용,1127,126,1122,52,TMCP(온도제어),873,8,63,2호기1열
1,T,38,3100,16200,적용,1135,119,1124,73,TMCP(온도제어),881,7,98,2호기2열
0,T,38,3100,16200,적용,1135,119,1124,73,CR(제어압연),881,8,69,2호기2열
0,T,38,3100,16200,적용,1127,134,1123,58,TMCP(온도제어),869,8,60,3호기1열
0,T,38,3100,16200,적용,1127,134,1123,58,CR(제어압연),869,8,67,3호기1열
0,T,38,3100,16200,적용,1132,125,1127,62,TMCP(온도제어),820,8,93,1호기1열
0,T,38,3100,16200,적용,1132,125,1127,62,CR(제어압연),820,8,99,1호기1열
1,T,38,3100,16200,적용,1131,120,1125,68,CR(제어압연),1057,8,71,3호기2열
0,T,30,1900,34800,적용,1119,130,1120,65,TMCP(온도제어),926,8,94,1호기2열
0,T,30,1900,34800,적용,1119,130,1120,65,CR(제어압연),926,8,87,1호기2열
0,T,34,2200,30500,적용,1119,126,1119,72,CR(제어압연),931,8,65,2호기1열
0,T,34,2200,30500,적용,1119,126,1119,72,TMCP(온도제어),931,8,56,2호기1열
1,T,50,2200,21800,적용,1127,127,1123,71,TMCP(온도제어),929,5,88,3호기1열
0,T,50,2200,21800,적용,1134,127,1124,92,TMCP(온도제어),929,6,74,2호기2열
0,T,50,2200,21800,적용,1124,117,1124,87,TMCP(온도제어),929,6,85,3호기2열
0,T,50,2200,21800,적용,1129,122,1125,78,TMCP(온도제어),925,6,102,1호기1열
0,T,50,2200,21800,적용,1124,73,1127,78,TMCP(온도제어),928,6,86,2호기2열
0,T,50,2000,24500,적용,1110,123,1116,81,TMCP(온도제어),860,6,99,1호기2열
0,T,44,2000,27500,적용,1114,64,1120,82,TMCP(온도제어),836,6,94,2호기1열
0,T,44,2000,27500,적용,1113,124,1120,82,TMCP(온도제어),832,6,70,3호기1열
0,T,48,2100,24500,적용,1118,71,1124,86,TMCP(온도제어),832,6,59,3호기2열
0,T,48,2100,24500,적용,1117,69,1120,88,TMCP(온도제어),832,6,83,1호기1열
0,T,48,2000,25600,적용,1108,62,1117,97,TMCP(온도제어),841,6,60,1호기2열
0,T,45,2200,18500,적용,1123,62,1123,101,TMCP(온도제어),933,6,57,2호기1열
0,T,45,2200,18500,적용,1123,62,1123,101,CR(제어압연),933,6,88,2호기1열
0,T,45,2200,18500,적용,1132,70,1126,95,TMCP(온도제어),933,6,81,2호기2열
0,T,45,2200,18500,적용,1132,70,1126,95,CR(제어압연),933,6,66,2호기2열
0,T,45,2200,18500,적용,1129,81,1125,109,TMCP(온도제어),937,6,94,3호기1열
0,T,45,2200,18500,적용,1129,95,1125,109,CR(제어압연),937,6,77,3호기1열
0,T,45,2100,18400,적용,1134,70,1127,94,TMCP(온도제어),930,6,80,3호기2열
0,T,45,2100,18400,적용,1134,70,1127,94,CR(제어압연),930,6,104,3호기2열
0,T,45,2100,18400,적용,1124,78,1124,94,TMCP(온도제어),936,6,78,1호기1열
0,T,45,2100,18400,적용,1124,78,1124,94,CR(제어압연),936,6,79,1호기1열
0,T,45,2100,18400,적용,1126,74,1125,92,TMCP(온도제어),933,6,96,1호기2열
0,T,45,2100,18400,적용,1126,74,1125,92,CR(제어압연),933,6,79,1호기2열
0,T,45,3100,14000,적용,1111,61,1123,108,TMCP(온도제어),838,6,103,2호기1열
0,T,45,3100,14000,적용,1111,61,1123,108,CR(제어압연),838,6,103,2호기1열
0,T,44,2500,15700,적용,1133,75,1127,91,TMCP(온도제어),837,6,81,2호기2열
0,T,51,3100,12400,적용,1133,57,1125,103,TMCP(온도제어),862,6,78,3호기1열
0,T,51,3100,12400,적용,1127,63,1128,106,TMCP(온도제어),862,6,104,3호기2열
0,T,51,3100,12400,적용,1133,70,1126,91,TMCP(온도제어),861,6,100,1호기1열
0,T,51,3100,12400,적용,1122,57,1123,105,TMCP(온도제어),862,6,104,1호기2열
0,T,51,3100,12400,적용,1133,84,1124,81,TMCP(온도제어),856,6,58,2호기1열
0,T,51,3100,12400,적용,1133,93,1127,75,TMCP(온도제어),860,6,61,2호기2열
0,T,56,3800,11400,적용,1126,62,1125,106,TMCP(온도제어),863,6,88,3호기1열
0,T,56,3300,11000,적용,1137,89,1131,83,TMCP(온도제어),864,6,85,1호기1열
0,T,56,3300,11000,적용,1127,72,1128,100,TMCP(온도제어),845,6,56,1호기2열
0,T,56,3300,11000,적용,1127,72,1128,100,CR(제어압연),845,6,60,1호기2열
0,T,40,4000,13900,적용,1112,77,1124,97,CR(제어압연),808,6,60,2호기1열
0,T,61,3100,12400,적용,1125,90,1128,90,TMCP(온도제어),845,6,58,2호기2열
0,T,61,2500,12000,적용,1126,73,1126,107,TMCP(온도제어),850,6,90,3호기1열
0,T,61,2500,12000,적용,1126,73,1126,107,CR(제어압연),850,6,61,3호기1열
0,T,64,3500,8000,적용,1135,106,1130,84,TMCP(온도제어),852,6,67,3호기2열
0,T,61,2500,12000,적용,1139,101,1128,82,TMCP(온도제어),845,6,60,1호기1열
0,T,61,2500,12000,적용,1139,101,1128,82,CR(제어압연),845,6,81,1호기1열
0,T,61,2500,12000,적용,1129,84,1128,98,TMCP(온도제어),845,6,61,1호기2열
0,T,61,2500,12000,적용,1129,84,1128,98,CR(제어압연),845,6,92,1호기2열
0,T,64,3500,8000,적용,1131,106,1125,76,TMCP(온도제어),847,6,98,2호기1열
0,T,61,2500,12000,적용,1137,116,1129,71,TMCP(온도제어),849,6,73,2호기2열
0,T,61,2500,12000,적용,1137,116,1129,71,CR(제어압연),849,6,85,2호기2열
0,T,64,3100,10400,적용,1130,84,1129,101,TMCP(온도제어),845,6,101,3호기1열
0,T,64,3100,10400,적용,1140,114,1132,74,TMCP(온도제어),844,6,87,3호기2열
0,T,61,2100,16600,적용,1141,113,1133,73,TMCP(온도제어),852,6,74,1호기1열
0,T,66,3200,11800,적용,1142,121,1135,75,TMCP(온도제어),853,6,84,1호기2열
0,T,68,3300,11000,적용,1137,110,1128,75,TMCP(온도제어),851,6,97,2호기1열
0,T,68,3300,11000,적용,1134,111,1129,72,TMCP(온도제어),850,6,67,2호기2열
0,T,66,2500,12000,적용,1138,99,1129,86,TMCP(온도제어),847,6,68,3호기1열
0,T,66,2500,12000,적용,1138,99,1129,86,CR(제어압연),847,6,73,3호기1열
0,T,66,2500,12000,적용,1137,109,1132,73,TMCP(온도제어),849,6,68,3호기2열
0,T,66,2500,12000,적용,1137,109,1132,73,CR(제어압연),849,6,87,3호기2열
0,T,66,2500,12000,적용,1142,110,1134,73,TMCP(온도제어),851,6,92,1호기1열
1,T,66,2500,12000,적용,1142,110,1134,73,CR(제어압연),851,5,93,1호기1열
0,T,66,2500,12000,적용,1144,110,1136,72,TMCP(온도제어),847,6,69,1호기2열
0,T,66,2500,12000,적용,1144,110,1136,72,CR(제어압연),847,6,73,1호기2열
0,T,66,2500,12000,적용,1137,98,1129,73,TMCP(온도제어),847,6,65,2호기1열
0,T,66,2500,12000,적용,1137,98,1129,73,CR(제어압연),847,6,67,2호기1열
0,T,66,2500,12000,적용,1135,101,1130,73,TMCP(온도제어),844,6,58,2호기2열
0,T,66,2500,12000,적용,1135,101,1130,73,CR(제어압연),844,6,84,2호기2열
0,T,71,2700,11000,적용,1142,109,1130,73,TMCP(온도제어),840,6,84,3호기1열
0,T,71,2700,11000,적용,1145,109,1134,69,TMCP(온도제어),846,6,80,3호기2열
0,T,74,2700,11000,적용,1144,112,1134,67,TMCP(온도제어),844,6,62,1호기1열
0,T,74,2700,11000,적용,1147,122,1138,51,TMCP(온도제어),846,6,106,1호기2열
0,T,74,2700,11000,적용,1136,115,1126,55,TMCP(온도제어),844,6,102,2호기1열
0,T,74,2700,11000,적용,1138,110,1130,56,TMCP(온도제어),849,6,88,2호기2열
0,T,74,2700,11000,적용,1139,107,1129,67,TMCP(온도제어),834,6,86,3호기1열
1,T,74,2700,11000,미적용,1142,93,1134,61,TMCP(온도제어),847,6,81,3호기2열
0,T,71,2300,12900,적용,1129,91,1126,61,TMCP(온도제어),842,6,65,1호기1열
0,T,74,2700,9800,적용,1123,106,1124,62,TMCP(온도제어),845,6,99,1호기2열
0,T,74,2700,9800,적용,1123,106,1124,62,CR(제어압연),845,6,78,1호기2열
0,T,76,2500,14100,적용,1126,103,1125,61,TMCP(온도제어),843,6,87,3호기1열
0,T,74,2700,9800,적용,1113,96,1122,68,TMCP(온도제어),773,6,91,2호기2열
0,T,74,2700,9800,적용,1113,96,1122,68,CR(제어압연),773,6,94,2호기2열
1,T,76,2700,9700,적용,1123,79,1126,61,TMCP(온도제어),760,5,91,3호기2열
0,T,76,2700,9700,적용,1123,79,1126,61,CR(제어압연),760,6,66,3호기2열
0,T,76,2500,14100,적용,1133,94,1125,76,TMCP(온도제어),859,6,99,2호기1열
0,T,76,2500,9200,적용,1132,79,1127,83,TMCP(온도제어),842,6,70,1호기1열
1,T,76,2500,9200,미적용,1142,82,1131,69,TMCP(온도제어),847,6,62,1호기2열
0,T,76,2500,9000,적용,1131,77,1125,95,TMCP(온도제어),844,6,76,2호기2열
0,T,76,2500,9000,적용,1132,78,1124,85,TMCP(온도제어),843,6,60,2호기1열
0,T,76,2500,9300,적용,1132,77,1124,101,TMCP(온도제어),843,6,103,3호기1열
0,T,76,2500,9600,적용,1131,80,1126,98,CR(제어압연),843,6,57,3호기2열
0,T,76,2500,9600,적용,1131,80,1126,98,TMCP(온도제어),843,6,66,3호기2열
0,T,76,2500,9500,적용,1130,79,1125,98,TMCP(온도제어),840,6,101,1호기1열
1,T,83,2600,10400,미적용,1124,77,1124,99,TMCP(온도제어),846,6,74,1호기2열
0,T,83,2600,10400,적용,1116,77,1122,100,TMCP(온도제어),839,6,100,2호기1열
0,T,90,2600,10400,적용,1130,78,1125,100,TMCP(온도제어),843,6,78,2호기2열
0,T,90,2600,10400,적용,1129,87,1123,104,TMCP(온도제어),844,6,73,3호기1열
0,T,90,2600,10400,적용,1129,78,1126,100,TMCP(온도제어),841,6,83,3호기2열
0,C,20,3600,39300,적용,1129,76,1126,118,CR(제어압연),934,8,103,3호기1열
0,C,20,3600,39500,적용,1140,68,1132,104,CR(제어압연),911,8,63,3호기2열
0,C,17,3400,39600,적용,1130,71,1130,112,CR(제어압연),935,10,57,2호기2열
0,C,17,3400,39600,적용,1130,71,1130,112,CR(제어압연),935,10,104,2호기2열
0,C,14,3300,51200,적용,1140,80,1131,117,CR(제어압연),915,10,89,1호기1열
0,C,14,3300,51200,적용,1142,74,1132,123,CR(제어압연),923,10,87,1호기2열
0,C,14,3300,51200,적용,1142,75,1131,122,CR(제어압연),913,10,87,2호기1열
0,C,20,3400,41300,적용,1134,69,1132,119,CR(제어압연),977,8,63,3호기1열
0,C,20,3400,40300,적용,1135,68,1142,103,CR(제어압연),985,8,102,3호기2열
0,C,14,3300,51200,적용,1143,65,1136,118,CR(제어압연),955,10,102,1호기1열
0,C,14,3300,49100,적용,1140,65,1136,119,CR(제어압연),955,10,61,1호기2열
0,C,14,3300,51200,적용,1147,83,1141,108,CR(제어압연),950,10,76,2호기1열
0,C,14,3300,49100,적용,1136,72,1145,117,CR(제어압연),952,10,55,2호기2열
0,C,14,3300,49100,적용,1131,70,1141,120,CR(제어압연),956,10,68,1호기1열
0,C,14,3300,49100,적용,1133,69,1143,123,CR(제어압연),920,10,90,1호기2열
0,C,14,3300,44900,적용,1145,114,1150,78,CR(제어압연),959,10,69,2호기2열
0,C,14,3300,49100,적용,1140,101,1151,95,CR(제어압연),918,10,67,2호기1열
0,C,14,3100,41800,적용,1129,65,1148,131,CR(제어압연),930,10,58,3호기1열
1,C,14,3100,41800,적용,1151,104,1155,75,CR(제어압연),930,9,83,3호기2열
0,C,14,3100,41800,적용,1154,121,1156,72,CR(제어압연),944,10,105,1호기1열
0,C,14,3100,41800,적용,1144,88,1154,107,CR(제어압연),930,10,78,1호기2열
0,C,16,3100,39600,적용,1144,118,1157,72,CR(제어압연),976,10,74,2호기2열
0,C,16,2800,49700,적용,1151,117,1158,80,CR(제어압연),956,10,65,2호기1열
1,C,16,3100,54300,미적용,1148,103,1153,91,CR(제어압연),937,10,94,3호기1열
0,C,18,3100,41800,적용,1150,118,1158,73,CR(제어압연),950,10,68,3호기2열
1,C,18,3100,41800,적용,1158,130,1162,54,CR(제어압연),1004,10,88,1호기1열
0,C,18,3100,41800,적용,1159,132,1164,54,CR(제어압연),961,10,100,1호기2열
0,C,18,3100,41800,적용,1146,108,1163,88,CR(제어압연),996,10,74,2호기1열
1,C,18,3100,41800,적용,1144,128,1159,65,CR(제어압연),995,9,97,2호기2열
0,C,18,3100,41800,적용,1141,106,1156,87,CR(제어압연),953,10,76,3호기1열
0,C,17,2900,43100,적용,1134,119,1158,72,CR(제어압연),956,10,71,3호기2열
0,C,20,3100,39300,적용,1167,131,1165,55,CR(제어압연),992,8,60,1호기1열
0,C,20,3100,39300,적용,1169,136,1167,56,CR(제어압연),988,8,102,1호기2열
0,C,21,3000,43200,적용,1135,120,1157,67,CR(제어압연),982,8,101,3호기1열
0,C,14,2700,53900,적용,1165,135,1164,61,CR(제어압연),967,10,67,2호기1열
0,C,15,2500,43200,적용,1143,118,1162,79,CR(제어압연),975,10,104,2호기2열
1,C,16,2600,36800,적용,1155,119,1166,72,CR(제어압연),1008,10,59,3호기2열
1,C,16,2500,37400,적용,1172,130,1166,62,CR(제어압연),1018,10,64,1호기1열
1,C,16,2600,42900,적용,1170,129,1167,64,CR(제어압연),1006,10,74,1호기2열
0,C,15,2600,42400,적용,1165,113,1164,71,CR(제어압연),999,10,58,2호기1열
0,C,15,2600,42400,적용,1165,113,1164,71,CR(제어압연),999,10,82,2호기1열
1,C,17,2500,42700,적용,1163,121,1163,70,CR(제어압연),1005,10,67,2호기2열
1,C,18,2500,44000,적용,1162,134,1162,62,CR(제어압연),1008,9,57,3호기1열
1,C,18,2500,42700,적용,1167,130,1166,63,CR(제어압연),1012,10,56,3호기2열
1,C,19,2800,42900,적용,1171,111,1165,60,CR(제어압연),1002,10,72,1호기1열
1,C,19,2400,40000,적용,1171,110,1167,61,CR(제어압연),1023,10,101,1호기2열
1,C,20,2600,48900,적용,1171,92,1166,56,CR(제어압연),1015,8,58,3호기1열
1,C,20,2500,41100,적용,1166,114,1165,60,CR(제어압연),1021,8,66,2호기1열
1,C,20,2700,46000,적용,1159,95,1165,65,CR(제어압연),1011,7,69,2호기2열
1,C,20,2700,46000,적용,1159,95,1165,65,CR(제어압연),1011,8,73,2호기2열
1,C,20,2400,42700,적용,1172,80,1169,72,CR(제어압연),1013,8,86,3호기2열
1,C,20,2600,48800,적용,1162,111,1164,69,CR(제어압연),1019,8,93,1호기2열
1,C,20,2600,48800,적용,1169,76,1166,74,CR(제어압연),1006,8,91,1호기1열
1,C,20,2600,44800,적용,1176,94,1170,59,CR(제어압연),1026,8,103,2호기1열
1,C,20,2500,38700,적용,1171,91,1170,57,CR(제어압연),1027,7,87,2호기2열
1,C,20,2600,45800,적용,1175,91,1167,60,CR(제어압연),1020,8,63,3호기1열
1,C,20,2600,48800,적용,1175,88,1169,61,CR(제어압연),1014,8,101,3호기2열
1,C,20,2500,33500,적용,1173,57,1168,73,CR(제어압연),1022,8,80,1호기1열
1,C,21,2700,49900,적용,1167,78,1165,63,CR(제어압연),1007,8,90,3호기1열
1,C,22,2600,50000,적용,1171,89,1167,50,CR(제어압연),1007,8,75,3호기2열
1,C,22,2600,50000,적용,1171,89,1167,50,CR(제어압연),1007,8,105,3호기2열
1,C,22,2600,50000,적용,1171,89,1167,50,CR(제어압연),1007,8,59,3호기2열
1,C,20,2600,36500,적용,1176,73,1169,56,CR(제어압연),1017,7,71,2호기1열
1,C,20,2600,42100,적용,1175,85,1167,58,CR(제어압연),1006,8,102,2호기2열
1,C,20,2600,42100,적용,1175,85,1167,58,CR(제어압연),1006,8,101,2호기2열
1,C,23,2800,43500,적용,1174,58,1169,82,CR(제어압연),1007,8,84,1호기2열
1,C,25,2500,31400,적용,1166,73,1164,57,CR(제어압연),1022,8,103,1호기1열
1,C,30,2500,37800,적용,1168,89,1164,50,CR(제어압연),1031,7,74,3호기1열
1,C,35,2500,31200,적용,1159,61,1162,72,CR(제어압연),1030,8,85,1호기2열
1,C,35,2500,31200,적용,1164,79,1167,61,CR(제어압연),1062,8,99,3호기2열
1,C,40,2500,25100,적용,1174,74,1167,60,CR(제어압연),1078,6,94,2호기1열
1,C,40,2500,25100,적용,1167,77,1165,58,CR(제어압연),1066,6,87,2호기2열
1,C,55,2500,15300,적용,1155,77,1155,55,CR(제어압연),1056,6,97,1호기1열
1,C,35,2000,29900,적용,1162,80,1162,47,CR(제어압연),1054,8,80,2호기1열
1,C,80,2500,10500,적용,1157,68,1159,67,CR(제어압연),1068,6,86,1호기2열
1,C,40,2200,33400,적용,1155,73,1161,55,CR(제어압연),1054,6,85,3호기1열
1,C,35,2000,29900,적용,1159,83,1160,52,CR(제어압연),1053,8,97,2호기2열
0,C,32,2200,37400,적용,1172,78,1167,52,CR(제어압연),902,8,97,3호기2열
0,C,32,2200,37400,적용,1163,77,1160,64,CR(제어압연),907,8,61,1호기1열
1,C,21,2200,41700,적용,1174,76,1167,49,CR(제어압연),1037,8,98,3호기1열
1,C,21,2200,41700,적용,1174,76,1167,49,CR(제어압연),1037,8,104,3호기1열
1,C,32,2200,37400,미적용,1166,75,1166,72,CR(제어압연),901,8,104,1호기2열
0,C,20,2600,44600,적용,1173,78,1167,55,CR(제어압연),976,8,68,3호기2열
1,C,22,2300,36500,적용,1162,74,1163,65,CR(제어압연),1005,8,82,2호기1열
1,C,22,2300,36500,적용,1162,74,1163,65,CR(제어압연),1005,7,67,2호기1열
1,C,22,2200,36500,적용,1164,71,1165,73,CR(제어압연),1006,8,92,2호기2열
1,C,22,2200,36500,적용,1164,71,1165,73,CR(제어압연),1006,8,78,2호기2열
1,C,20,2600,45600,적용,1165,78,1163,71,CR(제어압연),1004,8,93,1호기1열
1,C,20,2200,41700,적용,1170,66,1167,60,CR(제어압연),1018,8,81,3호기1열
1,C,20,2200,43100,적용,1171,65,1167,64,CR(제어압연),1030,8,92,3호기2열
1,C,20,2200,36700,적용,1171,99,1167,54,CR(제어압연),1005,8,62,1호기2열
1,C,20,2000,42800,적용,1165,76,1165,62,CR(제어압연),1024,8,79,2호기1열
1,C,20,2200,43500,적용,1161,62,1166,75,CR(제어압연),1027,8,93,2호기2열
1,C,20,2200,42100,적용,1177,88,1171,58,CR(제어압연),1035,8,75,1호기2열
1,C,20,2200,43700,적용,1169,77,1165,73,CR(제어압연),1031,8,82,1호기1열
1,C,20,2100,43800,적용,1161,74,1162,54,CR(제어압연),1016,10,87,2호기1열
1,C,19,2000,38800,적용,1172,72,1166,54,CR(제어압연),1027,10,105,2호기2열
1,C,20,2000,40800,적용,1170,67,1166,64,CR(제어압연),1035,8,86,3호기1열
1,C,19,2100,43700,적용,1147,56,1161,73,CR(제어압연),1017,10,85,3호기2열
1,C,19,2000,38800,적용,1164,76,1162,69,CR(제어압연),1029,10,78,1호기1열
1,C,18,2200,43600,적용,1166,80,1165,61,CR(제어압연),1014,10,90,1호기2열
1,C,18,2400,42300,적용,1156,66,1163,61,CR(제어압연),1010,10,98,2호기1열
1,C,18,2400,42300,적용,1156,66,1163,61,CR(제어압연),1010,10,103,2호기1열
1,C,18,2300,40400,적용,1160,65,1165,61,CR(제어압연),1015,10,88,2호기2열
0,C,16,2200,43600,적용,1166,68,1161,103,CR(제어압연),999,10,95,1호기1열
0,C,16,2300,43200,적용,1176,85,1165,87,CR(제어압연),1000,10,104,1호기2열
0,C,20,2700,54300,적용,1159,70,1157,89,CR(제어압연),991,8,105,3호기1열
0,C,20,2700,54300,적용,1159,70,1157,89,CR(제어압연),991,8,87,3호기1열
0,C,20,2700,54300,적용,1159,70,1157,89,CR(제어압연),991,8,70,3호기1열
0,C,23,2800,46400,적용,1163,68,1159,83,CR(제어압연),995,8,77,3호기2열
0,C,14,2800,50200,적용,1143,59,1156,103,CR(제어압연),945,10,94,2호기1열
0,C,14,2800,50300,적용,1161,78,1157,83,CR(제어압연),941,10,77,2호기2열
0,C,16,2700,48800,적용,1169,64,1158,94,CR(제어압연),962,10,55,1호기1열
0,C,16,2700,53000,적용,1176,84,1163,78,CR(제어압연),952,10,80,1호기2열
0,C,16,2700,53000,적용,1176,84,1163,78,CR(제어압연),952,10,90,1호기2열
0,C,16,2700,53000,적용,1176,84,1163,78,CR(제어압연),952,10,75,1호기2열
0,C,23,2800,46400,적용,1161,68,1156,85,CR(제어압연),979,8,60,3호기1열
0,C,23,2800,46400,적용,1163,68,1158,85,CR(제어압연),993,8,71,3호기2열
1,C,30,2300,30700,적용,1167,81,1157,80,CR(제어압연),1038,8,69,2호기2열
1,C,30,2200,38900,적용,1155,74,1153,92,CR(제어압연),1004,8,83,2호기1열
1,C,30,2200,38900,적용,1155,74,1153,92,CR(제어압연),1004,8,90,2호기1열
1,C,30,2200,38900,적용,1155,74,1153,92,CR(제어압연),1004,8,95,2호기1열
1,C,30,2300,30700,적용,1164,66,1158,92,CR(제어압연),1022,8,79,1호기1열
1,C,40,2200,30700,적용,1162,78,1156,78,CR(제어압연),1043,6,94,3호기1열
1,C,30,2300,30700,적용,1163,61,1159,87,CR(제어압연),1024,8,69,1호기2열
1,C,30,2300,30700,적용,1154,72,1155,85,CR(제어압연),1029,8,74,2호기1열
1,C,40,2200,30700,적용,1154,65,1156,96,CR(제어압연),1046,6,74,3호기2열
1,C,30,2300,30700,적용,1162,82,1156,92,CR(제어압연),1035,8,80,2호기2열
1,C,30,2300,30700,적용,1164,62,1159,84,CR(제어압연),1034,8,80,3호기1열
1,C,30,2300,30700,적용,1165,79,1158,85,CR(제어압연),1032,8,85,3호기2열
1,C,30,2300,30700,적용,1164,77,1157,95,CR(제어압연),1031,8,95,1호기1열
1,C,30,2300,30700,적용,1160,65,1158,88,CR(제어압연),1032,8,80,1호기2열
1,C,30,2300,30700,적용,1153,74,1155,94,CR(제어압연),1020,8,61,2호기1열
1,C,30,2300,30700,적용,1160,71,1157,97,CR(제어압연),1012,8,69,2호기2열
1,C,30,2300,30700,적용,1155,73,1154,93,CR(제어압연),1022,8,104,1호기1열
1,C,30,2300,30700,적용,1151,65,1155,90,CR(제어압연),1031,8,99,2호기1열
1,C,30,2300,30700,적용,1163,105,1159,51,CR(제어압연),1034,8,73,1호기2열
1,C,40,2200,30700,적용,1159,103,1155,52,CR(제어압연),1053,6,64,3호기1열
1,C,40,2200,30700,적용,1158,73,1156,91,CR(제어압연),1053,6,106,3호기2열
1,C,23,2300,34300,적용,1143,67,1153,97,CR(제어압연),1007,8,58,2호기2열
1,C,23,2300,34300,적용,1160,107,1156,60,CR(제어압연),1006,8,69,1호기1열
0,C,23,2300,34300,적용,1153,91,1153,59,CR(제어압연),997,8,95,1호기2열
1,C,20,2000,41900,적용,1158,88,1153,53,CR(제어압연),1002,8,60,2호기1열
1,C,20,2000,41900,적용,1158,88,1153,53,CR(제어압연),1002,8,79,2호기1열
1,C,20,2200,42400,적용,1155,95,1154,44,CR(제어압연),986,7,63,2호기2열
1,C,40,2200,30700,적용,1158,105,1154,52,CR(제어압연),1043,6,77,3호기1열
1,C,40,2200,30700,적용,1161,105,1155,58,CR(제어압연),1029,6,102,3호기2열
1,C,19,2300,36900,적용,1159,99,1154,56,CR(제어압연),1019,10,87,1호기1열
0,C,19,2000,42900,적용,1150,82,1150,58,CR(제어압연),989,10,83,1호기2열
1,C,20,2000,42800,적용,1149,96,1149,44,CR(제어압연),1021,8,62,2호기1열
0,C,20,2200,36600,적용,1151,98,1151,40,CR(제어압연),996,8,82,2호기2열
1,C,20,2000,42800,적용,1154,91,1152,59,CR(제어압연),1010,8,61,3호기1열
1,C,20,2100,43000,적용,1150,97,1151,60,CR(제어압연),1012,8,104,3호기2열
1,C,40,2500,21500,적용,1139,101,1144,38,CR(제어압연),1029,6,99,2호기1열
1,C,20,2200,41500,적용,1154,101,1152,53,CR(제어압연),1002,7,66,1호기1열
1,C,50,2500,18900,적용,1132,93,1141,55,CR(제어압연),1032,6,68,1호기2열
1,C,38,2500,17900,적용,1145,98,1150,60,CR(제어압연),1048,8,67,3호기1열
1,C,30,2500,27300,적용,1149,89,1152,54,CR(제어압연),1019,8,55,3호기2열
1,C,25,2500,31400,적용,1145,101,1148,47,CR(제어압연),1023,8,103,1호기1열
1,C,40,2500,16900,적용,1139,103,1147,51,CR(제어압연),1034,6,88,2호기2열
1,C,25,2500,36300,적용,1129,97,1137,46,CR(제어압연),1020,8,60,1호기2열
1,C,25,2500,36300,적용,1129,97,1137,46,CR(제어압연),1020,8,78,1호기2열
1,C,25,2500,36300,적용,1129,97,1137,46,CR(제어압연),1020,8,94,1호기2열
1,C,25,2500,36300,적용,1129,97,1137,46,CR(제어압연),1020,8,88,1호기2열
1,C,24,2600,42000,적용,1135,96,1145,50,CR(제어압연),1003,8,59,2호기1열
1,C,24,2600,42000,적용,1135,96,1145,50,CR(제어압연),1003,8,93,2호기1열
1,C,23,2300,34300,적용,1133,103,1144,44,CR(제어압연),1011,8,102,2호기2열
1,C,23,2300,34300,적용,1135,88,1147,65,CR(제어압연),1007,8,68,3호기1열
1,C,23,2300,34300,적용,1133,89,1148,63,CR(제어압연),1005,8,55,3호기2열
1,C,19,2500,36900,적용,1133,61,1141,46,CR(제어압연),1006,10,80,1호기2열
0,C,23,2300,34300,적용,1139,64,1145,50,CR(제어압연),998,8,80,1호기1열
0,C,20,2500,35700,적용,1141,59,1147,48,CR(제어압연),987,10,92,2호기1열
0,C,20,2500,35700,적용,1141,59,1147,48,CR(제어압연),987,10,105,2호기1열
1,C,16,2600,37300,적용,1138,57,1148,57,CR(제어압연),968,9,68,3호기1열
0,C,18,2500,42700,적용,1128,104,1146,52,CR(제어압연),980,10,98,2호기2열
0,C,16,2600,37300,적용,1140,107,1148,49,CR(제어압연),973,10,57,3호기2열
1,C,16,2600,37300,미적용,1153,67,1151,44,CR(제어압연),976,10,79,1호기1열
0,C,15,2700,43600,적용,1131,61,1138,47,CR(제어압연),956,10,57,1호기2열
0,C,15,2700,43600,적용,1131,61,1138,47,CR(제어압연),956,10,98,1호기2열
0,C,15,2700,43600,적용,1131,61,1138,47,CR(제어압연),956,10,63,1호기2열
1,C,16,2500,37400,적용,1140,83,1149,50,CR(제어압연),971,9,73,2호기1열
1,C,16,2500,37400,적용,1152,73,1153,35,CR(제어압연),985,9,78,2호기2열
1,C,16,2500,37400,미적용,1144,56,1150,59,CR(제어압연),972,10,104,3호기1열
0,C,16,2500,37400,적용,1149,71,1151,51,CR(제어압연),973,10,59,3호기2열
0,C,16,2500,37400,적용,1145,62,1147,49,CR(제어압연),968,10,69,1호기1열
0,C,15,2500,42400,적용,1121,60,1132,49,CR(제어압연),969,10,82,1호기2열
0,C,15,2500,42400,적용,1138,58,1149,59,CR(제어압연),973,10,93,2호기1열
0,C,15,2600,42600,적용,1148,60,1152,43,CR(제어압연),993,10,89,2호기2열
0,C,15,2700,42100,적용,1140,63,1149,62,CR(제어압연),957,10,70,3호기1열
1,C,21,2800,44900,적용,1146,64,1151,62,CR(제어압연),971,7,97,3호기2열
1,C,22,2600,46000,미적용,1134,61,1140,55,CR(제어압연),972,8,77,1호기1열
0,C,22,2600,46000,적용,1134,61,1140,55,CR(제어압연),972,8,105,1호기1열
0,C,21,2800,44900,적용,1114,60,1130,58,CR(제어압연),959,8,106,1호기2열
0,C,20,2500,43500,적용,1137,75,1145,48,CR(제어압연),976,8,84,3호기1열
0,C,16,3100,41700,적용,1133,68,1145,48,CR(제어압연),913,10,71,3호기2열
0,C,20,2700,46000,적용,1136,57,1147,57,CR(제어압연),956,8,71,2호기1열
0,C,20,2500,48500,적용,1135,55,1147,47,CR(제어압연),958,8,85,2호기2열
0,C,16,2800,49700,적용,1137,61,1142,55,CR(제어압연),945,10,92,1호기1열
0,C,16,2800,49700,적용,1125,76,1138,66,CR(제어압연),934,10,66,1호기2열
0,C,17,3000,39000,적용,1110,64,1142,52,CR(제어압연),951,10,95,2호기1열
0,C,17,3100,49200,적용,1126,74,1147,55,CR(제어압연),939,10,77,3호기1열
0,C,17,3100,49200,적용,1126,74,1147,55,CR(제어압연),939,10,60,3호기1열
0,C,17,2900,54200,적용,1140,64,1154,54,CR(제어압연),947,10,96,3호기2열
1,C,17,2900,54200,적용,1140,64,1154,54,CR(제어압연),947,9,64,3호기2열
0,C,18,3100,29400,적용,1112,57,1145,57,CR(제어압연),970,10,73,2호기2열
0,C,18,3100,36500,적용,1124,62,1139,57,CR(제어압연),975,10,67,1호기1열
0,C,18,3100,36500,적용,1124,62,1148,52,CR(제어압연),982,10,64,2호기2열
1,C,18,3100,41800,적용,1115,58,1136,64,CR(제어압연),971,9,87,1호기2열
0,C,18,3100,41800,적용,1126,62,1152,59,CR(제어압연),979,10,103,2호기1열
1,C,25,3100,37400,적용,1129,63,1151,58,CR(제어압연),991,7,95,3호기1열
1,C,23,3200,39000,적용,1133,64,1154,56,CR(제어압연),988,7,67,3호기2열
0,C,20,3000,39000,적용,1134,69,1143,58,CR(제어압연),977,8,85,1호기1열
0,C,20,2900,37100,적용,1115,96,1139,70,CR(제어압연),983,8,83,1호기2열
0,C,20,2900,37200,적용,1141,63,1161,57,CR(제어압연),995,8,70,2호기1열
0,C,20,2900,37200,적용,1149,100,1160,57,CR(제어압연),985,8,92,2호기2열
0,C,22,3100,32200,적용,1130,66,1150,58,CR(제어압연),984,8,105,3호기1열
0,C,25,3000,31000,적용,1140,66,1155,55,CR(제어압연),899,8,67,3호기2열
0,C,26,2800,28900,적용,1150,63,1154,59,CR(제어압연),993,8,75,1호기1열
0,C,25,3100,37400,적용,1142,62,1158,56,CR(제어압연),992,8,69,3호기1열
0,C,24,3000,20700,적용,1135,89,1149,73,CR(제어압연),987,8,59,1호기2열
0,C,25,2900,40400,적용,1144,63,1159,58,CR(제어압연),989,8,100,3호기2열
0,C,25,2900,40400,적용,1144,63,1159,58,CR(제어압연),989,8,61,3호기2열
0,C,24,2800,31700,적용,1136,73,1160,71,CR(제어압연),976,8,76,2호기2열
0,C,24,2800,31700,적용,1136,60,1160,71,CR(제어압연),976,8,65,2호기2열
0,C,30,3100,25100,적용,1172,74,1166,59,CR(제어압연),972,8,86,2호기1열
1,C,38,3100,19000,적용,1168,68,1163,57,CR(제어압연),1009,8,90,1호기1열
1,C,30,3500,28200,적용,1145,65,1159,53,CR(제어압연),1009,7,98,3호기1열
1,C,25,3400,32500,미적용,1137,60,1167,66,CR(제어압연),989,8,86,3호기2열
0,C,20,3300,37800,적용,1133,61,1149,76,CR(제어압연),970,8,84,1호기2열
0,C,20,3200,34200,적용,1144,65,1161,63,CR(제어압연),987,8,66,2호기1열
0,C,20,3200,34200,적용,1144,65,1161,63,CR(제어압연),987,8,85,2호기1열
0,C,20,3300,34500,적용,1142,58,1162,70,CR(제어압연),981,8,77,2호기2열
0,C,21,3400,38800,적용,1126,57,1144,68,CR(제어압연),972,8,70,1호기2열
0,C,20,3300,28700,적용,1176,68,1168,58,CR(제어압연),960,10,83,1호기1열
1,C,19,3300,42900,적용,1157,63,1161,62,CR(제어압연),975,9,72,2호기1열
0,C,20,3300,29000,적용,1168,64,1168,61,CR(제어압연),979,10,61,2호기2열
0,C,19,3300,42700,적용,1158,73,1166,56,CR(제어압연),980,10,83,3호기1열
0,C,19,3600,41000,적용,1176,72,1169,55,CR(제어압연),976,10,78,3호기2열
0,C,20,3300,28800,적용,1162,72,1159,56,CR(제어압연),975,10,87,1호기1열
0,C,18,3200,42500,적용,1158,65,1159,68,CR(제어압연),971,10,81,1호기2열
0,C,18,3200,42500,적용,1158,65,1159,68,CR(제어압연),971,10,68,1호기2열
0,C,18,3200,42500,적용,1158,65,1159,68,CR(제어압연),971,10,93,1호기2열
1,C,18,3600,43200,적용,1158,71,1168,56,CR(제어압연),962,9,89,2호기1열
1,C,18,3600,34400,미적용,1115,57,1160,71,CR(제어압연),964,10,65,2호기2열
0,C,16,3300,36800,적용,1165,72,1164,56,CR(제어압연),969,10,66,3호기1열
0,C,16,3500,38900,적용,1155,71,1164,56,CR(제어압연),945,10,71,3호기2열
0,C,16,3500,38900,적용,1155,71,1164,56,CR(제어압연),945,10,79,3호기2열
0,C,14,3400,54200,적용,1145,61,1155,68,CR(제어압연),886,10,67,1호기1열
0,C,13,3400,48800,적용,1134,68,1149,75,CR(제어압연),898,10,103,1호기2열
0,C,13,3400,48800,적용,1134,68,1149,75,CR(제어압연),898,10,86,1호기2열
1,C,13,3500,53900,적용,1172,78,1171,48,CR(제어압연),923,9,89,2호기1열
0,C,13,3500,54000,적용,1169,64,1170,61,CR(제어압연),929,10,99,3호기1열
0,C,13,3500,54000,적용,1169,64,1170,61,CR(제어압연),929,10,63,3호기1열
0,C,13,3500,54000,적용,1169,64,1170,61,CR(제어압연),929,10,69,3호기1열
0,C,14,3300,53700,적용,1172,68,1173,57,CR(제어압연),916,10,63,3호기2열
0,C,14,3300,53700,적용,1172,68,1173,57,CR(제어압연),916,10,99,3호기2열
0,C,12,3400,41200,적용,1175,76,1174,58,CR(제어압연),907,10,89,2호기2열
0,C,12,3400,41200,적용,1184,72,1174,58,CR(제어압연),905,10,71,1호기1열
1,C,12,3300,42700,적용,1183,63,1173,69,CR(제어압연),911,9,84,1호기2열
1,C,12,3300,42700,미적용,1183,63,1173,69,CR(제어압연),911,10,101,1호기2열
0,C,12,3300,42700,적용,1183,63,1173,69,CR(제어압연),911,10,58,1호기2열
0,C,13,3200,43200,적용,1174,73,1170,51,CR(제어압연),937,10,104,2호기1열
0,C,18,3600,37000,적용,1184,91,1169,53,CR(제어압연),964,10,93,2호기2열
0,C,17,3300,35000,적용,1168,72,1167,64,CR(제어압연),984,10,78,3호기1열
0,C,19,3600,41000,적용,1175,75,1170,60,CR(제어압연),993,10,95,3호기2열
0,C,18,3400,29600,적용,1174,62,1169,70,CR(제어압연),993,10,84,1호기1열
0,C,18,3400,29600,적용,1174,62,1169,70,CR(제어압연),993,10,94,1호기1열
0,C,19,3600,41000,적용,1186,73,1172,53,CR(제어압연),993,10,106,3호기1열
0,C,19,3300,28700,적용,1181,66,1169,70,CR(제어압연),998,10,55,1호기2열
0,C,19,3500,27100,적용,1180,77,1168,64,CR(제어압연),988,10,95,2호기2열
0,C,20,3600,37700,적용,1178,75,1167,57,CR(제어압연),977,8,74,3호기2열
0,C,22,3400,36800,적용,1175,75,1167,64,CR(제어압연),973,8,90,2호기1열
0,C,20,3600,39300,적용,1181,70,1172,50,CR(제어압연),978,8,106,3호기1열
0,C,20,3600,39300,적용,1177,61,1170,60,CR(제어압연),993,8,79,3호기2열
1,C,24,3700,24000,적용,1158,62,1161,75,CR(제어압연),1004,8,78,1호기1열
0,C,22,3800,32000,적용,1166,71,1165,61,CR(제어압연),951,8,67,2호기1열
1,C,22,3800,32000,미적용,1166,71,1165,61,CR(제어압연),951,8,103,2호기1열
0,C,22,3800,21200,적용,1158,68,1166,73,CR(제어압연),955,8,69,2호기2열
0,C,22,3700,34800,적용,1150,70,1157,84,CR(제어압연),966,8,75,1호기2열
1,C,22,3700,34800,적용,1191,68,1176,52,CR(제어압연),998,7,93,3호기1열
1,C,22,3700,34800,미적용,1165,68,1164,75,CR(제어압연),991,8,82,1호기2열
0,C,22,3700,34800,적용,1189,70,1174,60,CR(제어압연),997,8,105,2호기1열
0,C,22,3700,34800,적용,1146,61,1162,66,CR(제어압연),987,8,97,3호기2열
0,C,19,3700,37800,적용,1174,72,1168,67,CR(제어압연),990,10,77,1호기2열
0,C,20,3800,38500,적용,1183,81,1170,44,CR(제어압연),982,8,96,3호기1열
1,C,18,3700,32800,적용,1190,70,1177,73,CR(제어압연),973,10,81,1호기1열
1,C,18,3700,32800,적용,1190,70,1177,73,CR(제어압연),973,9,97,1호기1열
1,C,17,3600,33400,적용,1189,73,1176,49,CR(제어압연),949,10,77,2호기2열
1,C,17,3600,40400,적용,1173,66,1176,55,CR(제어압연),951,10,88,2호기1열
1,C,17,3600,40400,적용,1173,66,1176,55,CR(제어압연),951,10,106,2호기1열
0,C,16,3700,47500,적용,1169,76,1165,53,CR(제어압연),925,10,73,3호기2열
0,C,13,3900,49400,적용,1183,73,1175,66,CR(제어압연),904,10,102,1호기1열
1,C,13,3900,49400,미적용,1184,72,1173,67,CR(제어압연),904,10,92,1호기2열
0,C,12,4300,41600,적용,1169,70,1169,43,CR(제어압연),900,10,103,2호기1열
0,C,12,4300,41600,적용,1169,70,1169,43,CR(제어압연),900,10,96,2호기1열
0,C,14,4300,50800,적용,1144,71,1156,56,CR(제어압연),892,10,65,3호기1열
0,C,14,4200,50600,적용,1150,72,1159,55,CR(제어압연),909,10,70,3호기2열
0,C,16,4600,24100,적용,1174,71,1167,58,CR(제어압연),933,10,61,2호기2열
1,C,18,4300,24400,적용,1191,78,1179,50,CR(제어압연),966,10,57,1호기1열
0,C,18,4400,28600,적용,1149,67,1156,64,CR(제어압연),954,10,85,1호기2열
1,C,20,4500,20700,적용,1154,77,1160,50,CR(제어압연),961,7,55,2호기1열
0,C,20,4500,20700,적용,1163,82,1160,53,CR(제어압연),959,8,56,2호기2열
0,C,21,4100,30200,적용,1139,64,1158,64,CR(제어압연),966,8,75,3호기1열
1,C,24,4500,20900,적용,1149,63,1164,65,CR(제어압연),976,7,98,3호기2열
0,C,24,4100,28300,적용,1169,70,1168,59,CR(제어압연),989,8,65,1호기1열
0,C,24,4100,18900,적용,1158,86,1156,57,CR(제어압연),985,8,57,1호기2열
0,C,24,4600,17300,적용,1146,75,1157,52,CR(제어압연),957,8,80,2호기1열
0,C,24,4600,17300,적용,1160,77,1160,64,CR(제어압연),956,8,85,2호기2열
0,C,16,4100,27000,적용,1195,65,1174,64,CR(제어압연),942,10,92,3호기1열
0,C,16,4100,27000,적용,1195,65,1174,64,CR(제어압연),942,10,105,3호기1열
1,C,13,4200,38600,적용,1202,71,1178,60,CR(제어압연),907,10,79,3호기2열
1,C,13,3500,40700,적용,1203,78,1185,52,CR(제어압연),890,9,80,1호기1열
0,C,14,3500,43000,적용,1189,63,1175,60,CR(제어압연),884,10,95,3호기1열
0,C,14,3500,43000,적용,1189,63,1175,60,CR(제어압연),884,10,97,3호기1열
0,C,14,3500,43000,적용,1189,63,1175,60,CR(제어압연),884,10,92,3호기1열
0,C,12,3400,43100,적용,1184,76,1172,70,CR(제어압연),906,10,101,1호기2열
0,C,12,3400,43100,적용,1184,76,1172,70,CR(제어압연),906,10,76,1호기2열
0,C,12,3400,43100,적용,1184,76,1172,70,CR(제어압연),906,10,72,1호기2열
0,C,13,3200,43100,적용,1182,72,1172,57,CR(제어압연),877,10,56,2호기1열
0,C,13,3200,43100,적용,1182,72,1172,57,CR(제어압연),877,10,62,2호기1열
0,C,13,3200,43100,적용,1182,72,1172,57,CR(제어압연),877,10,77,2호기1열
1,C,15,3400,37000,적용,1197,72,1178,56,CR(제어압연),940,10,104,3호기2열
1,C,15,3400,37000,미적용,1197,72,1178,56,CR(제어압연),940,10,85,3호기2열
1,C,14,3400,37400,미적용,1168,72,1171,79,CR(제어압연),935,10,94,2호기2열
1,C,15,3300,39700,적용,1196,65,1181,51,CR(제어압연),937,10,88,3호기1열
1,C,15,3300,39700,미적용,1196,65,1181,51,CR(제어압연),937,10,63,3호기1열
1,C,15,3300,39700,적용,1196,65,1181,51,CR(제어압연),937,10,56,3호기1열
1,C,15,3300,39900,적용,1199,73,1183,55,CR(제어압연),952,10,86,1호기1열
1,C,15,3300,39900,적용,1199,73,1183,55,CR(제어압연),952,10,82,1호기1열
0,C,15,3600,39500,적용,1164,111,1167,75,CR(제어압연),933,10,64,1호기2열
0,C,16,3300,37600,적용,1180,68,1175,59,CR(제어압연),935,10,71,2호기1열
0,C,16,3300,37600,적용,1180,68,1175,59,CR(제어압연),935,10,57,2호기1열
1,C,16,3600,31400,적용,1199,67,1181,56,CR(제어압연),936,10,80,3호기2열
1,C,17,3500,36100,적용,1181,74,1176,64,CR(제어압연),936,10,83,1호기2열
1,C,17,3500,36100,적용,1181,76,1176,64,CR(제어압연),936,10,106,1호기2열
1,C,18,3400,35200,적용,1205,76,1185,45,CR(제어압연),994,10,94,3호기1열
1,C,18,3400,35200,적용,1205,76,1185,45,CR(제어압연),994,10,83,3호기1열
1,C,18,3400,35200,적용,1205,76,1185,45,CR(제어압연),994,10,78,3호기1열
0,C,15,3300,36000,적용,1196,60,1172,60,CR(제어압연),932,10,95,2호기2열
0,C,15,3300,36000,적용,1196,60,1172,60,CR(제어압연),932,10,88,2호기2열
1,C,17,3500,35600,적용,1198,84,1179,57,CR(제어압연),934,10,73,1호기1열
1,C,17,3500,35600,적용,1198,114,1179,57,CR(제어압연),934,10,59,1호기1열
1,C,18,3500,31900,적용,1202,62,1184,49,CR(제어압연),955,10,71,2호기1열
1,C,18,3400,35300,적용,1206,72,1184,52,CR(제어압연),998,10,106,3호기2열
1,C,18,3400,35300,적용,1206,72,1184,52,CR(제어압연),998,10,77,3호기2열
0,C,20,3300,30900,적용,1191,62,1174,58,CR(제어압연),982,8,83,2호기2열
0,C,20,3300,30900,적용,1191,62,1174,58,CR(제어압연),982,8,84,2호기2열
0,C,22,3800,29900,적용,1159,64,1155,53,CR(제어압연),978,8,65,1호기1열
0,C,22,3700,34800,적용,1185,56,1173,56,CR(제어압연),986,8,55,1호기2열
0,C,23,3200,31400,적용,1161,64,1166,51,CR(제어압연),984,8,104,2호기2열
0,C,18,3600,41000,적용,1185,80,1171,48,CR(제어압연),958,10,75,3호기1열
1,C,18,3600,41000,미적용,1185,80,1171,48,CR(제어압연),958,10,58,3호기1열
1,C,18,3600,41800,적용,1198,81,1179,47,CR(제어압연),960,10,95,3호기2열
0,C,14,3300,51200,적용,1187,69,1167,46,CR(제어압연),908,10,103,2호기1열
0,C,14,3300,53200,적용,1181,119,1174,53,CR(제어압연),914,10,88,1호기1열
0,C,14,3300,53200,적용,1181,62,1174,53,CR(제어압연),914,10,98,1호기1열
0,C,12,3600,48700,적용,1192,68,1173,55,CR(제어압연),882,10,79,1호기2열
0,C,12,3200,43300,적용,1184,70,1161,51,CR(제어압연),901,10,69,2호기1열
0,C,13,3000,53500,적용,1167,80,1156,49,CR(제어압연),919,10,90,2호기2열
0,C,14,2900,54300,적용,1166,72,1163,60,CR(제어압연),923,10,89,3호기1열
0,C,18,3100,41800,적용,1183,64,1173,64,CR(제어압연),957,10,60,3호기2열
1,C,18,3100,41800,미적용,1195,63,1173,52,CR(제어압연),981,10,100,1호기1열
0,C,18,3100,41800,적용,1192,73,1167,58,CR(제어압연),977,10,73,1호기2열
0,C,18,3100,41800,적용,1183,79,1162,44,CR(제어압연),936,10,79,2호기1열
0,C,18,3100,46300,적용,1194,73,1170,61,CR(제어압연),982,10,67,3호기1열
0,C,18,3100,46300,적용,1194,73,1170,61,CR(제어압연),982,10,60,3호기1열
1,C,18,3100,46300,적용,1194,73,1170,61,CR(제어압연),982,9,79,3호기1열
1,C,18,3100,48300,적용,1193,63,1176,64,CR(제어압연),973,9,69,3호기2열
0,C,19,3100,42200,적용,1195,72,1165,49,CR(제어압연),989,10,59,1호기1열
1,C,19,3100,42200,미적용,1195,72,1165,49,CR(제어압연),989,10,90,1호기1열
0,C,19,3100,42200,적용,1195,72,1165,49,CR(제어압연),989,10,94,1호기1열
0,C,17,3000,49200,적용,1198,64,1172,57,CR(제어압연),972,10,83,3호기1열
1,C,17,3000,49200,미적용,1198,64,1172,57,CR(제어압연),972,10,104,3호기1열
1,C,17,3100,50200,적용,1204,71,1176,50,CR(제어압연),972,10,91,3호기2열
1,C,17,3100,50200,적용,1204,71,1176,50,CR(제어압연),972,10,80,3호기2열
0,C,19,3000,43100,적용,1177,63,1157,68,CR(제어압연),957,10,65,1호기2열
0,T,23,4100,22500,적용,1200,64,1159,58,TMCP(온도제어),905,8,89,2호기2열
0,T,22,2900,30700,적용,1173,73,1153,58,TMCP(온도제어),915,8,81,2호기1열
1,T,13,3300,33400,적용,1179,66,1153,57,TMCP(온도제어),863,9,101,1호기1열
0,T,15,3200,36900,적용,1137,55,1136,68,TMCP(온도제어),923,10,83,1호기2열
0,T,15,2700,37100,적용,1147,111,1133,66,TMCP(온도제어),916,10,81,2호기1열
0,T,18,2800,37700,적용,1187,62,1151,66,TMCP(온도제어),904,10,78,2호기2열
1,T,13,2600,54500,미적용,1174,55,1165,75,TMCP(온도제어),880,10,100,3호기1열
0,T,13,2500,54500,적용,1169,56,1163,74,TMCP(온도제어),889,10,79,3호기2열
0,T,14,2500,54500,적용,1129,116,1130,73,TMCP(온도제어),892,10,93,1호기1열
0,T,25,1800,30200,적용,1160,57,1143,73,CR(제어압연),823,8,86,1호기2열
0,T,27,1900,26300,적용,1140,120,1134,68,CR(제어압연),827,8,84,2호기1열
0,T,25,2600,30100,적용,1151,63,1138,69,CR(제어압연),854,8,60,2호기2열
0,T,25,2000,39600,적용,1180,67,1159,65,CR(제어압연),843,8,98,3호기1열
0,T,36,2500,22000,적용,1189,106,1165,82,TMCP(온도제어),882,8,89,3호기2열
0,T,35,3100,19600,적용,1140,55,1128,84,TMCP(온도제어),936,8,94,1호기2열
0,T,38,3100,16700,적용,1165,69,1138,77,TMCP(온도제어),875,8,72,1호기1열
0,T,38,3100,16700,적용,1106,57,1126,87,TMCP(온도제어),873,8,96,2호기1열
0,T,38,3100,16700,적용,1157,59,1133,81,TMCP(온도제어),879,8,74,2호기2열
0,T,38,3100,16700,적용,1175,65,1148,88,TMCP(온도제어),875,8,78,3호기1열
0,T,38,3100,16700,적용,1174,61,1148,91,TMCP(온도제어),870,8,81,3호기2열
0,T,38,3100,16700,적용,1170,56,1137,83,TMCP(온도제어),881,8,78,1호기1열
0,T,38,3100,16700,적용,1124,70,1116,80,TMCP(온도제어),879,8,76,1호기2열
0,T,38,3100,16700,적용,1117,109,1123,90,TMCP(온도제어),873,8,87,2호기1열
0,T,38,3100,16700,적용,1157,61,1124,88,TMCP(온도제어),881,8,106,2호기2열
0,T,38,3100,16700,적용,1149,69,1138,95,TMCP(온도제어),880,8,89,3호기1열
0,T,38,3100,16700,적용,1150,64,1140,95,TMCP(온도제어),871,8,74,3호기2열
0,T,38,3100,16700,적용,1151,66,1129,89,TMCP(온도제어),873,8,96,1호기1열
0,T,38,3100,16700,적용,1126,73,1118,89,TMCP(온도제어),868,8,97,1호기2열
0,T,38,3100,16700,적용,1155,71,1127,87,TMCP(온도제어),875,8,93,2호기1열
0,T,38,3100,13300,적용,1151,61,1122,105,TMCP(온도제어),880,8,97,2호기2열
0,T,38,3100,16200,적용,1132,63,1134,109,TMCP(온도제어),876,8,93,3호기1열
0,T,38,3100,16200,적용,1132,63,1134,109,CR(제어압연),876,8,91,3호기1열
1,T,40,2800,26000,적용,1164,77,1136,90,TMCP(온도제어),897,5,60,3호기2열
0,T,40,2800,26000,적용,1171,67,1139,94,TMCP(온도제어),897,6,71,3호기1열
0,T,40,2500,22700,적용,1124,63,1121,107,TMCP(온도제어),815,6,91,1호기2열
0,T,40,2500,22700,적용,1162,85,1126,93,TMCP(온도제어),802,6,86,2호기1열
0,T,40,2500,22700,적용,1169,87,1138,83,TMCP(온도제어),805,6,60,3호기2열
0,T,40,2500,22700,적용,1138,65,1125,108,TMCP(온도제어),817,6,106,1호기2열
0,T,40,2100,26500,적용,1173,92,1138,80,TMCP(온도제어),895,6,102,3호기1열
0,T,40,3100,23200,적용,1162,74,1136,101,CR(제어압연),813,6,84,3호기2열
0,T,40,3100,23200,적용,1162,74,1136,101,TMCP(온도제어),813,6,73,3호기2열
0,T,40,2800,23400,적용,1156,77,1128,126,TMCP(온도제어),816,6,99,1호기1열
0,T,40,2600,23400,적용,1166,69,1118,141,TMCP(온도제어),818,6,79,2호기2열
1,T,40,2500,25600,미적용,1149,73,1119,131,TMCP(온도제어),818,6,92,2호기1열
0,T,40,2500,25600,적용,1172,89,1135,113,TMCP(온도제어),816,6,87,1호기1열
0,T,40,3100,23200,적용,1174,104,1134,85,TMCP(온도제어),819,6,84,3호기1열
0,T,40,3100,23200,적용,1159,87,1131,106,TMCP(온도제어),816,6,75,3호기2열
0,T,40,2500,25600,적용,1135,75,1120,130,TMCP(온도제어),817,6,93,1호기2열
0,T,40,2500,25600,적용,1151,93,1121,127,TMCP(온도제어),817,6,99,2호기1열
0,T,40,2500,22700,적용,1174,91,1118,135,TMCP(온도제어),815,6,91,2호기2열
0,T,44,2200,22800,적용,1149,82,1126,123,TMCP(온도제어),816,6,70,1호기2열
0,T,44,2200,22800,적용,1149,82,1126,123,TMCP(온도제어),816,6,101,1호기2열
1,T,40,2500,28600,적용,1162,116,1124,98,CR(제어압연),1033,6,77,3호기1열
1,T,40,2500,28600,미적용,1162,116,1124,98,TMCP(온도제어),1033,6,100,3호기1열
0,T,40,2500,22700,적용,1178,90,1127,138,TMCP(온도제어),745,6,73,1호기1열
0,T,40,3100,18700,적용,1161,100,1120,136,TMCP(온도제어),894,6,100,3호기2열
0,T,40,2500,16900,적용,1165,112,1122,135,CR(제어압연),910,6,86,2호기1열
0,T,40,1800,18900,적용,1170,105,1117,135,CR(제어압연),906,6,98,2호기2열
0,T,50,1800,24900,적용,1169,111,1129,122,CR(제어압연),891,6,66,1호기2열
0,T,40,2500,28600,적용,1151,100,1128,128,CR(제어압연),816,6,57,3호기1열
0,T,40,2500,28600,적용,1151,100,1128,128,TMCP(온도제어),816,6,64,3호기1열
0,T,40,2300,25500,적용,1161,105,1125,122,CR(제어압연),820,6,98,3호기2열
1,T,40,2300,25500,적용,1161,105,1125,122,TMCP(온도제어),820,5,66,3호기2열
0,T,50,2500,10900,적용,1169,94,1127,69,CR(제어압연),897,6,55,1호기1열
0,T,50,2500,10900,적용,1164,149,1123,98,CR(제어압연),888,6,104,2호기1열
0,T,61,2300,12200,적용,1166,94,1121,79,CR(제어압연),891,6,90,2호기2열
0,T,50,3100,12300,적용,1174,129,1137,113,TMCP(온도제어),880,6,79,1호기1열
0,T,40,2000,28900,적용,1135,106,1121,126,TMCP(온도제어),887,6,90,3호기1열
0,T,40,2000,28900,적용,1158,106,1124,124,TMCP(온도제어),891,6,68,3호기2열
0,T,40,2500,21600,적용,1148,97,1125,89,CR(제어압연),908,6,60,1호기2열
0,T,50,1800,22200,적용,1158,156,1122,96,CR(제어압연),901,6,99,2호기1열
0,T,50,2600,13200,적용,1164,120,1122,119,CR(제어압연),901,6,55,2호기2열
0,T,50,2600,13100,적용,1152,158,1134,78,CR(제어압연),900,6,79,1호기1열
0,T,40,2800,26000,적용,1120,109,1116,117,TMCP(온도제어),894,6,104,3호기1열
0,T,50,1800,25900,적용,1151,112,1125,116,CR(제어압연),894,6,81,3호기2열
0,T,50,2400,14800,적용,1153,134,1126,116,CR(제어압연),897,6,76,1호기2열
0,T,55,3100,13400,적용,1150,133,1120,113,CR(제어압연),892,6,77,2호기1열
1,T,55,3100,13400,미적용,1151,136,1122,109,CR(제어압연),892,6,58,2호기2열
0,T,55,3100,13400,적용,1144,111,1131,52,CR(제어압연),896,6,60,1호기1열
0,T,40,3100,18600,적용,1109,126,1116,80,TMCP(온도제어),899,6,88,3호기1열
0,T,50,2600,17600,적용,1141,140,1127,84,CR(제어압연),896,6,104,3호기2열
0,T,60,2500,13300,적용,1137,125,1123,120,CR(제어압연),893,6,102,1호기2열
0,T,60,2500,13300,적용,1142,156,1120,85,CR(제어압연),894,6,63,2호기1열
0,T,61,2100,12300,적용,1143,155,1122,87,CR(제어압연),901,6,59,2호기2열
0,T,70,2300,15900,적용,1140,117,1125,69,CR(제어압연),869,6,93,1호기1열
0,T,70,2200,15300,적용,1108,138,1117,78,CR(제어압연),876,6,62,3호기1열
0,T,70,2200,13700,적용,1135,140,1123,93,CR(제어압연),870,6,102,1호기2열
0,T,70,2200,13700,적용,1137,141,1121,74,CR(제어압연),876,6,66,2호기1열
0,T,70,2300,15900,적용,1138,148,1126,80,CR(제어압연),877,6,101,3호기2열
0,T,70,2300,15900,적용,1134,117,1123,75,CR(제어압연),881,6,102,1호기1열
0,T,70,2300,15900,적용,1142,143,1128,66,CR(제어압연),869,6,78,1호기2열
0,T,75,2300,15400,적용,1139,120,1123,65,CR(제어압연),876,6,58,2호기1열
0,T,75,2300,15400,적용,1117,131,1119,77,CR(제어압연),876,6,66,3호기1열
0,T,75,2300,15400,적용,1141,130,1128,76,CR(제어압연),876,6,75,3호기2열
0,T,75,2300,15400,적용,1138,122,1125,66,CR(제어압연),877,6,77,1호기1열
0,T,75,2300,15400,적용,1135,146,1126,77,CR(제어압연),878,6,95,1호기2열
0,T,75,2300,15400,적용,1131,117,1125,56,CR(제어압연),878,6,92,2호기1열
0,T,75,2300,15400,적용,1119,121,1119,70,CR(제어압연),878,6,67,3호기1열
0,T,81,2900,9800,적용,1139,132,1124,80,CR(제어압연),877,6,75,2호기2열
0,T,75,1800,10500,적용,1139,129,1125,65,CR(제어압연),877,6,84,3호기2열
1,T,81,2100,13200,미적용,1138,131,1128,55,CR(제어압연),876,6,85,1호기2열
0,T,75,1800,10500,적용,1140,139,1123,72,CR(제어압연),876,6,67,2호기2열
0,T,81,2100,12900,적용,1132,78,1122,71,CR(제어압연),842,6,59,1호기1열
0,T,50,3100,13300,적용,1133,70,1118,108,TMCP(온도제어),889,6,76,1호기1열
0,T,40,3100,23000,적용,1140,90,1119,124,CR(제어압연),816,6,70,3호기2열
0,T,40,3100,23000,적용,1140,90,1119,124,TMCP(온도제어),816,6,95,3호기2열
0,T,40,3200,15700,적용,1135,100,1113,109,TMCP(온도제어),815,6,99,2호기1열
0,T,40,2700,20200,적용,1143,94,1122,110,CR(제어압연),816,6,55,3호기2열
0,T,40,2700,20200,적용,1143,94,1122,110,TMCP(온도제어),816,6,78,3호기2열
0,T,40,2300,20200,적용,1123,78,1118,112,TMCP(온도제어),818,6,55,1호기1열
0,T,40,2300,20700,적용,1130,105,1120,115,TMCP(온도제어),812,6,63,1호기2열
1,T,40,3100,15800,적용,1135,93,1119,134,TMCP(온도제어),812,5,68,2호기2열
0,T,40,2900,18700,적용,1114,85,1117,135,TMCP(온도제어),815,6,78,3호기1열
0,T,40,2900,18700,적용,1114,85,1117,135,TMCP(온도제어),815,6,82,3호기1열
1,T,71,3600,9200,미적용,1128,92,1121,145,CR(제어압연),859,6,95,2호기2열
0,T,74,2700,11000,적용,1119,70,1118,130,TMCP(온도제어),812,6,91,2호기1열
0,T,74,2700,11000,적용,1124,84,1121,129,TMCP(온도제어),819,6,97,3호기1열
0,T,54,2700,11000,적용,1139,82,1127,130,TMCP(온도제어),814,6,83,3호기2열
0,T,77,2600,7900,적용,1111,77,1118,144,TMCP(온도제어),837,6,74,1호기1열
0,T,77,2600,7900,적용,1113,71,1118,143,TMCP(온도제어),842,6,102,1호기2열
0,T,77,2600,7900,적용,1103,68,1122,143,TMCP(온도제어),848,6,89,2호기1열
0,T,74,1800,10000,적용,1144,102,1123,139,CR(제어압연),814,6,96,2호기2열
0,T,76,1800,16700,적용,1124,77,1127,143,CR(제어압연),811,6,106,3호기1열
1,T,76,1800,9800,미적용,1123,55,1135,104,CR(제어압연),811,6,58,3호기2열
0,T,76,1800,9800,적용,1114,72,1131,80,CR(제어압연),815,6,106,1호기1열
0,C,15,3300,51500,적용,1122,64,1123,71,CR(제어압연),861,10,67,1호기2열
1,C,15,3300,51500,적용,1122,64,1123,84,CR(제어압연),861,9,71,1호기2열
0,C,15,3300,51500,적용,1122,64,1123,85,CR(제어압연),861,10,62,1호기2열
0,C,16,3400,50700,적용,1119,75,1133,104,CR(제어압연),867,10,87,3호기1열
0,C,16,3400,50700,적용,1119,75,1133,64,CR(제어압연),867,10,85,3호기1열
0,C,16,3400,50700,적용,1119,75,1133,62,CR(제어압연),867,10,69,3호기1열
0,C,16,3400,50700,적용,1119,75,1133,104,CR(제어압연),867,10,101,3호기1열
0,C,13,3500,53300,적용,1118,62,1129,107,CR(제어압연),840,10,105,2호기1열
0,C,13,3400,53700,적용,1147,73,1129,57,CR(제어압연),723,10,88,2호기2열
0,C,13,3400,53700,적용,1147,73,1129,99,CR(제어압연),723,10,56,2호기2열
0,C,13,3400,53700,적용,1147,73,1129,103,CR(제어압연),723,10,102,2호기2열
0,C,13,3400,53700,적용,1147,73,1129,107,CR(제어압연),723,10,66,2호기2열
0,C,13,3300,52100,적용,1177,139,1139,107,CR(제어압연),842,10,61,3호기2열
1,C,13,3300,52100,미적용,1177,139,1139,107,CR(제어압연),842,10,96,3호기2열
0,C,13,3300,52100,적용,1177,139,1139,107,CR(제어압연),842,10,87,3호기2열
0,C,13,3300,52100,적용,1177,139,1139,107,CR(제어압연),842,10,92,3호기2열
0,C,13,3600,54900,적용,1131,56,1136,81,CR(제어압연),860,10,55,1호기2열
0,C,13,3600,54900,적용,1131,56,1136,94,CR(제어압연),860,10,97,1호기2열
0,C,13,3600,54900,적용,1131,56,1136,62,CR(제어압연),860,10,89,1호기2열
0,C,13,3300,53900,적용,1178,137,1144,114,CR(제어압연),853,10,68,1호기1열
0,C,13,3300,53900,적용,1178,137,1144,114,CR(제어압연),853,10,63,1호기1열
0,C,13,3300,53900,적용,1178,137,1144,114,CR(제어압연),853,10,92,1호기1열
0,C,13,3400,52400,적용,1171,125,1133,81,CR(제어압연),909,10,55,2호기1열
0,C,13,3400,52400,적용,1171,125,1133,82,CR(제어압연),909,10,101,2호기1열
0,C,13,3400,52400,적용,1171,125,1133,83,CR(제어압연),909,10,77,2호기1열
0,C,13,3400,54200,적용,1141,59,1130,73,CR(제어압연),875,10,96,2호기2열
1,C,13,3400,54200,미적용,1141,59,1130,67,CR(제어압연),875,9,76,2호기2열
0,C,13,3400,54200,적용,1141,59,1130,62,CR(제어압연),875,10,64,2호기2열
0,C,13,3600,51700,적용,1169,156,1134,82,CR(제어압연),872,10,65,3호기1열
0,C,13,3600,51700,적용,1169,156,1134,92,CR(제어압연),872,10,59,3호기1열
0,C,13,3600,51700,적용,1169,156,1134,65,CR(제어압연),872,10,63,3호기1열
0,C,13,3300,43500,적용,1163,133,1135,66,CR(제어압연),879,10,102,3호기2열
1,C,13,3300,41900,적용,1166,121,1136,66,CR(제어압연),902,9,94,1호기1열
0,C,13,3300,41900,적용,1166,121,1136,94,CR(제어압연),902,10,96,1호기1열
0,C,13,3400,43400,적용,1165,115,1139,47,CR(제어압연),904,10,62,1호기2열
0,C,13,3400,43400,적용,1165,115,1139,104,CR(제어압연),904,10,102,1호기2열
0,C,12,3400,48400,적용,1159,141,1136,107,CR(제어압연),893,10,65,2호기1열
0,C,12,3400,48400,적용,1159,141,1136,46,CR(제어압연),893,10,73,2호기1열
0,C,12,3400,52100,적용,1167,147,1137,103,CR(제어압연),887,10,92,2호기2열
0,C,12,3400,52100,적용,1167,147,1137,105,CR(제어압연),887,10,100,2호기2열
0,C,13,3200,42700,적용,1160,153,1138,71,CR(제어압연),906,10,93,3호기1열
0,C,13,3200,42700,적용,1160,153,1138,81,CR(제어압연),906,10,88,3호기1열
0,C,13,3000,43700,적용,1160,115,1139,105,CR(제어압연),932,10,73,3호기2열
1,C,13,3200,43300,미적용,1157,133,1140,99,CR(제어압연),929,10,56,1호기1열
1,C,13,3200,43300,적용,1157,133,1140,74,CR(제어압연),929,9,86,1호기1열
0,C,13,3200,43300,적용,1157,133,1140,90,CR(제어압연),929,10,78,1호기1열
0,C,13,3200,43400,적용,1161,128,1144,79,CR(제어압연),935,10,96,1호기2열
0,C,13,3200,43400,적용,1161,128,1144,66,CR(제어압연),935,10,93,1호기2열
1,C,12,3200,43800,적용,1154,148,1143,97,CR(제어압연),924,9,69,2호기1열
0,C,12,3200,43800,적용,1154,148,1143,48,CR(제어압연),924,10,96,2호기1열
1,C,12,3200,43800,미적용,1154,148,1143,89,CR(제어압연),924,10,78,2호기1열
0,C,13,3100,43700,적용,1158,134,1143,73,CR(제어압연),931,10,73,2호기2열
0,C,13,3100,43700,적용,1158,134,1143,79,CR(제어압연),931,10,58,2호기2열
0,C,13,2900,52700,적용,1154,158,1144,56,CR(제어압연),926,10,94,3호기1열
1,C,13,2900,52500,적용,1157,158,1147,64,CR(제어압연),924,9,71,3호기2열
0,C,13,2900,52500,적용,1157,158,1147,101,CR(제어압연),924,10,74,3호기2열
0,C,13,2900,52500,적용,1157,158,1147,86,CR(제어압연),924,10,85,3호기2열
0,C,13,2900,52500,적용,1157,158,1147,79,CR(제어압연),924,10,79,3호기2열
0,C,13,2900,51800,적용,1157,137,1146,73,CR(제어압연),924,10,98,1호기1열
0,C,13,2900,51800,적용,1157,137,1146,68,CR(제어압연),924,10,77,1호기1열
0,C,13,2800,52200,적용,1154,136,1147,71,CR(제어압연),924,10,62,1호기2열
0,C,13,2800,52200,적용,1154,136,1147,65,CR(제어압연),924,10,95,1호기2열
0,C,13,2800,52200,적용,1154,136,1147,45,CR(제어압연),924,10,87,1호기2열
0,C,13,2800,52200,적용,1154,136,1147,100,CR(제어압연),924,10,62,1호기2열
0,C,13,2900,52200,적용,1149,148,1143,89,CR(제어압연),923,10,95,2호기1열
0,C,13,2900,52200,적용,1149,148,1143,96,CR(제어압연),923,10,76,2호기1열
0,C,13,2900,52200,적용,1149,148,1143,56,CR(제어압연),923,10,56,2호기1열
0,C,13,2900,52800,적용,1155,140,1145,96,CR(제어압연),927,10,73,2호기2열
0,C,13,2900,52800,적용,1155,140,1145,59,CR(제어압연),927,10,104,2호기2열
0,C,13,2900,52800,적용,1155,140,1145,73,CR(제어압연),927,10,61,2호기2열
0,C,13,2900,51100,적용,1156,140,1145,83,CR(제어압연),934,10,81,3호기1열
0,C,13,2900,51100,적용,1156,133,1145,83,CR(제어압연),934,10,102,3호기1열
0,C,13,2900,51100,적용,1156,134,1145,90,CR(제어압연),934,10,90,3호기1열
0,C,13,2900,48400,적용,1158,131,1147,46,CR(제어압연),909,10,76,3호기2열
0,C,13,2900,48400,적용,1158,146,1147,98,CR(제어압연),909,10,61,3호기2열
0,C,13,2900,48400,적용,1158,149,1147,82,CR(제어압연),909,10,91,3호기2열
0,C,15,3100,51800,적용,1156,157,1148,107,CR(제어압연),942,10,97,1호기1열
0,C,15,3100,51800,적용,1156,157,1148,83,CR(제어압연),942,10,90,1호기1열
0,C,15,3100,51800,적용,1156,157,1148,99,CR(제어압연),942,10,106,1호기1열
0,C,16,2900,41000,적용,1151,118,1144,74,CR(제어압연),960,10,61,2호기2열
0,C,18,3100,46200,적용,1155,158,1151,96,CR(제어압연),959,10,67,1호기2열
0,C,17,2800,51500,적용,1142,121,1147,69,CR(제어압연),957,10,88,2호기1열
0,C,17,2800,51500,적용,1142,127,1147,69,CR(제어압연),957,10,106,2호기1열
1,C,18,3100,47100,미적용,1138,112,1148,62,CR(제어압연),957,10,99,3호기1열
0,C,18,3100,47100,적용,1138,126,1148,62,CR(제어압연),957,10,78,3호기1열
0,C,18,3100,48900,적용,1138,129,1150,62,CR(제어압연),956,10,56,3호기2열
0,C,18,3100,48900,적용,1138,125,1150,62,CR(제어압연),956,10,64,3호기2열
0,C,20,3100,44900,적용,1149,143,1148,64,CR(제어압연),949,10,93,1호기2열
0,C,19,3100,49700,적용,1142,143,1153,55,CR(제어압연),993,10,65,3호기1열
1,C,19,3100,49700,미적용,1142,137,1153,55,CR(제어압연),993,10,106,3호기1열
0,C,20,3100,44900,적용,1147,130,1154,53,CR(제어압연),997,10,78,3호기2열
0,C,40,2500,23200,적용,1158,129,1148,76,CR(제어압연),995,6,100,1호기1열
1,C,40,2500,26400,적용,1135,137,1152,66,CR(제어압연),1071,6,68,2호기1열
1,C,40,2500,26400,적용,1135,144,1152,66,CR(제어압연),1071,6,84,2호기1열
1,C,30,2500,31300,적용,1137,131,1149,80,CR(제어압연),1035,8,65,2호기2열
1,C,30,2500,31300,적용,1134,138,1148,72,CR(제어압연),1035,8,106,1호기1열
1,C,30,2500,31300,적용,1137,127,1150,69,CR(제어압연),1030,8,68,1호기2열
1,C,25,2500,40100,적용,1151,111,1158,57,CR(제어압연),1033,8,59,2호기1열
1,C,25,2500,40100,적용,1151,134,1158,57,CR(제어압연),1033,8,69,2호기1열
1,C,30,2500,22900,적용,1136,145,1153,74,CR(제어압연),1046,8,93,2호기2열
1,C,23,2500,46400,적용,1163,126,1158,60,CR(제어압연),1028,8,56,3호기1열
1,C,21,2700,42800,적용,1153,136,1156,71,CR(제어압연),1025,8,75,3호기2열
0,C,23,2500,46400,적용,1164,142,1158,60,CR(제어압연),997,8,78,1호기1열
1,C,23,2800,46400,적용,1172,140,1162,51,CR(제어압연),1001,8,102,3호기1열
0,C,21,2600,47500,적용,1156,132,1156,74,CR(제어압연),999,8,87,1호기2열
1,C,21,2600,47500,미적용,1156,127,1156,74,CR(제어압연),999,8,92,1호기2열
1,C,21,2700,44900,적용,1166,110,1162,59,CR(제어압연),999,7,55,2호기1열
1,C,19,2700,48700,적용,1166,132,1160,69,CR(제어압연),1004,10,65,3호기2열
1,C,19,2700,48700,적용,1166,141,1160,69,CR(제어압연),1004,10,62,3호기2열
1,C,19,2500,40700,적용,1157,111,1156,77,CR(제어압연),1016,10,77,2호기2열
1,C,19,2500,40700,적용,1157,122,1156,77,CR(제어압연),1016,10,84,2호기2열
1,C,20,2500,45200,적용,1182,138,1171,37,CR(제어압연),1020,8,61,1호기1열
1,C,19,2500,34100,적용,1165,147,1161,72,CR(제어압연),1026,10,86,1호기2열
1,C,20,2500,43400,적용,1174,75,1163,52,CR(제어압연),1024,10,76,2호기1열
1,C,19,2700,50900,적용,1179,129,1163,53,CR(제어압연),1006,10,99,3호기1열
1,C,20,2700,40500,적용,1180,124,1163,68,CR(제어압연),1019,8,89,3호기2열
1,C,20,2700,40500,적용,1180,120,1163,68,CR(제어압연),1019,8,103,3호기2열
1,C,20,2500,51100,적용,1184,111,1169,44,CR(제어압연),1025,7,84,1호기1열
1,C,20,2500,51100,적용,1184,136,1169,44,CR(제어압연),1025,8,69,1호기1열
1,C,20,2500,43400,적용,1171,137,1159,79,CR(제어압연),1021,10,66,2호기2열
0,C,20,2400,43000,적용,1171,111,1162,67,CR(제어압연),990,8,90,1호기2열
1,C,19,2700,54300,적용,1178,69,1165,57,CR(제어압연),1005,10,101,3호기1열
0,C,18,2600,54900,적용,1176,88,1163,52,CR(제어압연),987,10,63,2호기1열
0,C,18,2600,54900,적용,1176,88,1163,52,CR(제어압연),987,10,89,2호기1열
0,C,18,2500,42700,적용,1171,63,1160,76,CR(제어압연),958,10,65,2호기2열
1,C,18,2500,42700,적용,1180,67,1163,68,CR(제어압연),1027,10,64,3호기2열
1,C,18,2500,42700,적용,1175,75,1165,42,CR(제어압연),1031,10,100,1호기1열
1,C,15,2500,51000,적용,1171,59,1163,70,CR(제어압연),1002,10,98,1호기2열
1,C,15,2500,51000,적용,1171,59,1163,70,CR(제어압연),1002,10,62,1호기2열
1,C,15,2500,51000,적용,1171,59,1163,70,CR(제어압연),1002,10,79,1호기2열
1,C,15,2500,50100,적용,1165,74,1160,55,CR(제어압연),962,9,88,2호기1열
0,C,15,2500,50100,적용,1165,74,1160,55,CR(제어압연),962,10,74,2호기1열
0,C,16,2500,37400,적용,1182,82,1162,64,CR(제어압연),973,10,86,2호기2열
0,C,15,2500,54700,적용,1180,78,1162,53,CR(제어압연),998,10,82,3호기1열
0,C,15,2500,54700,적용,1180,78,1162,53,CR(제어압연),998,10,86,3호기1열
0,C,17,2700,54400,적용,1182,74,1164,55,CR(제어압연),982,10,79,3호기2열
0,C,17,2700,54400,적용,1182,74,1164,55,CR(제어압연),982,10,86,3호기2열
0,C,16,2400,42300,적용,1168,64,1161,52,CR(제어압연),984,10,71,1호기1열
0,C,16,2400,42300,적용,1168,64,1161,52,CR(제어압연),984,10,104,1호기1열
0,C,16,2400,42300,적용,1168,64,1161,52,CR(제어압연),984,10,56,1호기1열
0,C,16,2600,46300,적용,1174,61,1165,73,CR(제어압연),978,10,61,1호기2열
1,C,16,2600,46300,미적용,1174,61,1165,73,CR(제어압연),978,10,66,1호기2열
0,C,16,2600,46300,적용,1174,61,1165,73,CR(제어압연),978,10,84,1호기2열
0,C,16,2700,52800,적용,1169,77,1159,58,CR(제어압연),968,10,66,2호기1열
0,C,16,2700,52800,적용,1169,77,1159,58,CR(제어압연),968,10,86,2호기1열
0,C,16,2700,52800,적용,1169,77,1159,58,CR(제어압연),968,10,75,2호기1열
0,C,15,2600,43700,적용,1177,77,1161,71,CR(제어압연),1000,10,55,2호기2열
1,C,17,2500,42800,적용,1169,65,1158,67,CR(제어압연),1004,10,105,3호기1열
1,C,17,2500,42800,적용,1169,65,1158,67,CR(제어압연),1004,10,71,3호기1열
1,C,17,2500,42800,적용,1169,65,1158,67,CR(제어압연),1004,10,96,3호기1열
1,C,17,2500,42800,미적용,1169,65,1158,67,CR(제어압연),1004,10,57,3호기1열
0,C,14,2600,54300,적용,1169,73,1162,61,CR(제어압연),955,10,80,3호기2열
1,C,14,2600,54300,미적용,1169,73,1162,61,CR(제어압연),955,10,56,3호기2열
0,C,14,2600,52800,적용,1165,61,1158,57,CR(제어압연),960,10,97,1호기1열
0,C,14,2600,52800,적용,1165,61,1158,57,CR(제어압연),960,10,92,1호기1열
0,C,14,2600,49700,적용,1170,65,1161,70,CR(제어압연),964,10,97,1호기2열
0,C,14,2600,49700,적용,1170,65,1161,70,CR(제어압연),964,10,92,1호기2열
0,C,15,2600,54900,적용,1168,58,1158,58,CR(제어압연),959,10,70,2호기1열
0,C,15,2600,54900,적용,1168,58,1158,58,CR(제어압연),959,10,88,2호기1열
0,C,15,2600,54900,적용,1168,58,1158,58,CR(제어압연),959,10,61,2호기1열
0,C,13,2800,54900,적용,1167,66,1158,84,CR(제어압연),933,10,98,2호기2열
0,C,13,2800,54900,적용,1167,66,1158,84,CR(제어압연),933,10,89,2호기2열
0,C,13,2700,51900,적용,1165,70,1157,62,CR(제어압연),958,10,57,3호기1열
0,C,13,2700,51900,적용,1165,70,1157,62,CR(제어압연),958,10,92,3호기1열
0,C,14,2800,54400,적용,1168,72,1161,60,CR(제어압연),941,10,63,3호기2열
0,C,14,2800,54400,적용,1168,72,1161,60,CR(제어압연),941,10,62,3호기2열
0,C,14,2800,54400,적용,1168,72,1161,60,CR(제어압연),941,10,55,3호기2열
1,C,18,2200,43600,미적용,1160,82,1154,61,CR(제어압연),991,10,100,1호기1열
0,C,18,2200,43600,적용,1160,74,1154,61,CR(제어압연),991,10,99,1호기1열
0,C,18,2200,43200,적용,1165,60,1158,70,CR(제어압연),987,10,78,1호기2열
0,C,19,2200,43500,적용,1150,57,1160,55,CR(제어압연),993,10,83,2호기1열
0,C,19,2200,43500,적용,1150,57,1160,55,CR(제어압연),993,10,71,2호기1열
1,C,20,2200,39700,적용,1170,78,1159,59,CR(제어압연),1044,8,68,3호기2열
1,C,20,2300,43100,적용,1159,66,1155,80,CR(제어압연),1002,8,81,3호기1열
0,C,18,2300,40800,적용,1163,73,1155,86,CR(제어압연),981,10,78,2호기2열
1,C,20,2200,39800,적용,1157,55,1154,76,CR(제어압연),1007,8,63,1호기1열
1,C,20,2200,39800,적용,1157,55,1154,76,CR(제어압연),1007,8,62,1호기1열
1,C,20,2200,39800,적용,1157,55,1154,76,CR(제어압연),1007,8,93,1호기1열
0,C,20,2200,39900,적용,1158,63,1156,87,CR(제어압연),975,8,103,1호기2열
1,C,20,2200,39900,적용,1158,63,1156,87,CR(제어압연),975,7,102,1호기2열
0,C,20,2200,39900,적용,1158,63,1156,87,CR(제어압연),975,8,80,1호기2열
0,C,20,2200,40700,적용,1162,59,1162,68,CR(제어압연),982,8,61,3호기1열
0,C,20,2200,38000,적용,1151,63,1157,78,CR(제어압연),991,8,98,2호기1열
1,C,20,2200,38000,미적용,1154,78,1154,87,CR(제어압연),979,8,104,2호기2열
1,C,20,1900,34100,적용,1162,78,1158,73,CR(제어압연),1018,8,105,3호기2열
1,C,20,1900,34100,적용,1162,78,1158,73,CR(제어압연),1018,8,98,3호기2열
1,C,23,2300,34300,적용,1150,57,1150,85,CR(제어압연),1010,8,102,1호기1열
1,C,23,2300,34300,적용,1157,60,1156,85,CR(제어압연),1018,8,99,1호기2열
1,C,20,2400,34600,적용,1171,78,1158,66,CR(제어압연),1011,8,106,2호기1열
1,C,20,2200,38000,적용,1171,72,1166,69,CR(제어압연),1010,8,73,2호기2열
1,C,20,2200,38000,적용,1182,73,1164,67,CR(제어압연),1004,8,103,3호기1열
1,C,20,2200,37900,적용,1176,72,1162,68,CR(제어압연),1013,7,106,3호기2열
0,C,20,2200,38000,적용,1174,62,1165,65,CR(제어압연),999,8,72,1호기1열
0,C,20,2200,38000,적용,1172,61,1165,77,CR(제어압연),999,8,55,1호기2열
1,C,26,2600,31300,적용,1165,73,1160,63,CR(제어압연),1026,8,87,2호기1열
1,C,26,2600,31300,적용,1177,69,1177,65,CR(제어압연),1036,8,96,2호기2열
0,C,17,2700,51200,적용,1179,81,1168,63,CR(제어압연),950,10,78,3호기1열
1,C,17,2700,51200,미적용,1179,81,1168,63,CR(제어압연),950,10,98,3호기1열
0,C,16,2600,49000,적용,1177,76,1166,64,CR(제어압연),977,10,89,3호기2열
0,C,16,2600,49000,적용,1177,76,1166,64,CR(제어압연),977,10,82,3호기2열
1,C,16,2600,40300,적용,1193,66,1181,62,CR(제어압연),964,10,77,1호기1열
1,C,16,2600,40300,적용,1193,66,1181,62,CR(제어압연),964,10,62,1호기1열
1,C,16,2600,40400,적용,1198,63,1180,75,CR(제어압연),944,10,70,1호기2열
1,C,16,2600,40400,적용,1198,63,1180,75,CR(제어압연),944,10,69,1호기2열
0,C,15,2500,54600,적용,1117,58,1156,75,CR(제어압연),927,10,83,2호기1열
0,C,15,2500,54600,적용,1117,58,1156,75,CR(제어압연),927,10,94,2호기1열
1,C,15,2500,54600,미적용,1117,58,1156,75,CR(제어압연),927,10,97,2호기1열
0,C,15,2500,54600,적용,1117,58,1156,75,CR(제어압연),927,10,88,2호기1열
1,C,15,2700,53600,적용,1202,93,1177,41,CR(제어압연),962,10,99,2호기2열
1,C,15,2700,53600,적용,1202,93,1177,41,CR(제어압연),962,9,63,2호기2열
1,C,15,2700,53600,적용,1202,93,1177,41,CR(제어압연),962,10,85,2호기2열
1,C,15,2700,53600,적용,1202,93,1177,41,CR(제어압연),962,10,74,2호기2열
0,C,15,2800,54600,적용,1175,93,1162,46,CR(제어압연),955,10,99,3호기1열
0,C,15,2800,54600,적용,1175,93,1162,46,CR(제어압연),955,10,57,3호기1열
0,C,14,2600,54100,적용,1156,78,1168,76,CR(제어압연),947,10,101,3호기2열
0,C,14,2600,54100,적용,1156,102,1168,76,CR(제어압연),947,10,71,3호기2열
0,C,13,2700,54500,적용,1188,98,1170,41,CR(제어압연),951,10,68,1호기1열
0,C,13,2700,54500,적용,1188,98,1170,41,CR(제어압연),951,10,81,1호기1열
0,C,13,2700,54500,적용,1188,98,1170,41,CR(제어압연),951,10,67,1호기1열
0,C,13,2700,54200,적용,1173,63,1169,76,CR(제어압연),959,10,100,1호기2열
0,C,13,2700,54200,적용,1173,63,1169,76,CR(제어압연),959,10,82,1호기2열
0,C,12,2700,48100,적용,1136,82,1149,54,CR(제어압연),961,10,88,2호기1열
0,C,12,2700,48100,적용,1136,82,1149,54,CR(제어압연),961,10,72,2호기1열
0,C,12,2600,32300,적용,1192,94,1167,44,CR(제어압연),971,10,96,2호기2열
0,C,12,2300,36000,적용,1175,84,1163,58,CR(제어압연),984,10,95,3호기1열
0,C,12,2300,36000,적용,1175,84,1163,58,CR(제어압연),984,10,75,3호기1열
0,C,12,2300,36000,적용,1175,84,1163,58,CR(제어압연),984,10,70,3호기1열
1,C,16,2400,43500,미적용,1167,79,1162,59,CR(제어압연),1000,10,82,3호기2열
0,C,16,2400,43500,적용,1167,79,1162,59,CR(제어압연),1000,10,57,3호기2열
1,C,20,2400,35300,적용,1173,89,1159,52,CR(제어압연),1001,8,91,1호기1열
0,C,19,2300,42800,적용,1184,85,1168,54,CR(제어압연),949,10,97,1호기2열
0,C,19,2300,42800,적용,1184,85,1168,54,CR(제어압연),949,10,57,1호기2열
1,C,19,2300,42800,적용,1184,85,1168,54,CR(제어압연),949,9,79,1호기2열
0,C,19,2000,38800,적용,1146,81,1151,61,CR(제어압연),1000,10,66,2호기1열
1,C,30,2300,30700,적용,1150,87,1154,54,CR(제어압연),1010,8,88,2호기2열
0,C,32,2200,30600,적용,1141,73,1153,65,CR(제어압연),921,8,58,3호기1열
1,C,100,2300,9500,적용,1144,85,1150,52,CR(제어압연),1050,6,82,3호기2열
1,C,100,2300,9500,적용,1130,78,1137,61,CR(제어압연),1037,6,67,1호기1열
0,C,19,2700,49800,적용,1164,72,1158,60,CR(제어압연),961,10,86,1호기2열
0,C,19,2700,49800,적용,1164,72,1158,60,CR(제어압연),961,10,73,1호기2열
0,C,16,2700,54700,적용,1169,69,1160,64,CR(제어압연),977,10,94,2호기1열
0,C,16,2700,54700,적용,1169,69,1160,64,CR(제어압연),977,10,81,2호기1열
0,C,16,2700,54700,적용,1169,69,1160,64,CR(제어압연),977,10,86,2호기1열
0,C,16,2500,44000,적용,1167,81,1158,55,CR(제어압연),995,10,101,2호기2열
0,C,16,2500,44000,적용,1167,81,1158,55,CR(제어압연),995,10,103,2호기2열
0,C,15,2600,51600,적용,1162,70,1158,63,CR(제어압연),965,10,63,3호기1열
0,C,15,2600,51600,적용,1162,70,1158,63,CR(제어압연),965,10,94,3호기1열
0,C,13,2800,49700,적용,1174,73,1164,64,CR(제어압연),948,10,99,3호기2열
0,C,13,2700,52300,적용,1148,71,1147,66,CR(제어압연),941,10,73,1호기1열
0,C,13,2700,52300,적용,1148,71,1147,66,CR(제어압연),941,10,106,1호기1열
1,C,12,2700,53900,미적용,1169,69,1161,66,CR(제어압연),941,10,86,1호기2열
0,C,12,2700,53900,적용,1169,69,1161,66,CR(제어압연),941,10,56,1호기2열
1,C,13,2700,53700,적용,1170,78,1161,57,CR(제어압연),909,9,72,2호기1열
0,C,12,2800,54500,적용,1171,71,1162,67,CR(제어압연),936,10,93,2호기2열
0,C,13,2700,53600,적용,1166,67,1157,69,CR(제어압연),938,10,83,3호기1열
0,C,13,2700,53800,적용,1183,78,1166,58,CR(제어압연),936,10,80,3호기2열
0,C,13,2700,53600,적용,1164,69,1157,69,CR(제어압연),942,10,82,1호기1열
0,C,13,2700,53600,적용,1164,69,1157,69,CR(제어압연),942,10,101,1호기1열
0,C,13,2800,54900,적용,1157,69,1155,68,CR(제어압연),937,10,106,1호기2열
0,C,13,2800,54900,적용,1157,69,1155,68,CR(제어압연),937,10,86,1호기2열
0,C,13,2800,54900,적용,1157,69,1155,68,CR(제어압연),937,10,84,1호기2열
0,C,14,2600,51400,적용,1169,79,1164,70,CR(제어압연),950,10,89,2호기1열
0,C,14,2600,51400,적용,1169,79,1164,70,CR(제어압연),950,10,55,2호기1열
0,C,15,2500,50600,적용,1174,118,1168,68,CR(제어압연),996,10,60,2호기2열
0,C,15,2500,50600,적용,1174,68,1168,68,CR(제어압연),996,10,64,2호기2열
0,C,15,2500,50600,적용,1174,101,1168,68,CR(제어압연),996,10,83,2호기2열
1,C,30,2500,26700,적용,1156,107,1155,69,CR(제어압연),1016,8,93,3호기1열
1,C,26,2500,30000,적용,1172,61,1164,57,CR(제어압연),1034,8,92,3호기2열
1,C,26,2500,32000,적용,1162,79,1156,69,CR(제어압연),1019,8,94,1호기1열
1,C,25,2700,38100,적용,1145,69,1149,68,CR(제어압연),1005,8,103,1호기2열
1,C,22,2500,38900,적용,1178,70,1163,56,CR(제어압연),1025,8,58,2호기1열
1,C,22,2500,38900,적용,1178,70,1163,56,CR(제어압연),1025,8,79,2호기1열
1,C,19,2500,34200,적용,1171,58,1164,56,CR(제어압연),1025,9,105,2호기2열
1,C,19,2000,38800,적용,1145,61,1152,68,CR(제어압연),1033,10,65,3호기1열
1,C,19,2000,38800,적용,1168,71,1162,56,CR(제어압연),1035,10,83,3호기2열
1,C,17,2300,42700,적용,1171,55,1159,69,CR(제어압연),1013,10,75,1호기1열
1,C,17,2300,42700,적용,1171,55,1159,69,CR(제어압연),1013,10,98,1호기1열
0,C,14,2800,43000,적용,1130,118,1141,66,CR(제어압연),941,10,67,1호기2열
0,C,14,3100,39400,적용,1171,69,1168,52,CR(제어압연),957,10,66,2호기1열
0,C,16,3100,32900,적용,1173,70,1165,51,CR(제어압연),975,10,96,2호기2열
0,C,16,3100,32900,적용,1156,68,1157,65,CR(제어압연),975,10,61,3호기1열
0,C,18,3100,31500,적용,1184,67,1167,52,CR(제어압연),991,10,63,3호기2열
1,C,19,3100,28600,적용,1161,62,1156,69,CR(제어압연),988,9,60,1호기1열
0,C,20,3000,34900,적용,1146,62,1151,66,CR(제어압연),993,8,89,1호기2열
0,C,20,3100,31500,적용,1177,71,1172,50,CR(제어압연),994,8,81,2호기1열
0,C,20,3100,33000,적용,1177,73,1164,47,CR(제어압연),989,8,98,2호기2열
0,C,20,3000,42600,적용,1165,67,1160,63,CR(제어압연),991,8,80,3호기1열
0,C,20,3000,42600,적용,1165,67,1160,63,CR(제어압연),991,8,103,3호기1열
1,C,20,3000,42600,적용,1165,67,1160,63,CR(제어압연),991,7,55,3호기1열
0,C,20,3000,42600,적용,1165,67,1160,63,CR(제어압연),991,8,83,3호기1열
0,C,20,3100,29200,적용,1167,62,1166,60,CR(제어압연),982,8,67,3호기2열
1,C,34,3100,19300,적용,1181,72,1166,60,CR(제어압연),1037,8,60,1호기1열
0,C,15,3100,51500,적용,1192,76,1173,42,CR(제어압연),956,10,55,2호기1열
0,C,15,3100,51500,적용,1192,76,1173,42,CR(제어압연),956,10,103,2호기1열
0,C,15,3100,51500,적용,1192,76,1173,42,CR(제어압연),956,10,97,2호기1열
0,C,15,3100,51500,적용,1192,76,1173,42,CR(제어압연),956,10,100,2호기1열
0,C,17,3100,46700,적용,1175,61,1167,66,CR(제어압연),960,10,56,1호기2열
0,C,17,3100,46700,적용,1175,61,1167,66,CR(제어압연),960,10,80,1호기2열
0,C,20,3100,45600,적용,1170,72,1163,62,CR(제어압연),984,10,92,3호기1열
0,C,20,3100,45600,적용,1170,72,1163,62,CR(제어압연),984,10,61,3호기1열
0,C,20,2800,51800,적용,1180,63,1170,61,CR(제어압연),993,8,97,3호기2열
0,C,20,2800,51800,적용,1180,63,1170,61,CR(제어압연),993,8,97,3호기2열
0,C,20,2800,51800,적용,1180,63,1170,61,CR(제어압연),993,8,82,3호기2열
0,C,15,3100,51900,적용,1176,71,1164,57,CR(제어압연),927,10,77,2호기2열
0,C,15,3100,51900,적용,1176,71,1164,57,CR(제어압연),927,10,72,2호기2열
0,C,14,2800,50800,적용,1181,63,1168,64,CR(제어압연),947,10,72,1호기1열
1,C,14,2800,50800,미적용,1181,63,1168,64,CR(제어압연),947,10,60,1호기1열
0,C,14,2800,53700,적용,1177,63,1165,62,CR(제어압연),941,10,97,1호기2열
0,C,14,2800,53700,적용,1177,63,1165,62,CR(제어압연),941,10,69,1호기2열
1,C,20,3100,47000,적용,1177,72,1164,60,CR(제어압연),1004,10,89,3호기1열
1,C,20,3100,47000,적용,1177,72,1164,60,CR(제어압연),1004,10,58,3호기1열
0,C,20,2900,49400,적용,1177,72,1166,60,CR(제어압연),998,10,105,3호기2열
0,C,20,2900,49400,적용,1177,72,1166,60,CR(제어압연),998,10,99,3호기2열
0,C,13,2800,52700,적용,1183,73,1165,55,CR(제어압연),937,10,66,2호기1열
0,C,13,3100,49600,적용,1188,71,1166,58,CR(제어압연),942,10,65,2호기2열
0,C,13,3100,49600,적용,1188,71,1166,58,CR(제어압연),942,10,85,2호기2열
0,C,13,3100,49600,적용,1188,71,1166,58,CR(제어압연),942,10,88,2호기2열
0,C,13,2900,52800,적용,1192,63,1173,64,CR(제어압연),938,10,71,1호기1열
0,C,13,2900,52900,적용,1185,62,1170,63,CR(제어압연),943,10,56,1호기2열
0,C,13,3100,49200,적용,1164,70,1159,52,CR(제어압연),915,10,100,2호기1열
0,C,13,3000,47800,적용,1171,65,1163,58,CR(제어압연),928,10,68,2호기2열
0,C,13,3000,47800,적용,1171,65,1163,58,CR(제어압연),928,10,59,2호기2열
0,C,13,3000,47800,적용,1171,65,1163,58,CR(제어압연),928,10,96,2호기2열
1,C,13,3000,54000,적용,1182,62,1166,65,CR(제어압연),931,9,67,3호기1열
0,C,13,3000,54000,적용,1182,62,1166,65,CR(제어압연),931,10,60,3호기1열
0,C,13,2800,52700,적용,1176,70,1162,67,CR(제어압연),932,10,71,3호기2열
0,C,13,2900,49100,적용,1186,66,1170,59,CR(제어압연),926,10,68,1호기1열
0,C,13,2900,49100,적용,1186,66,1170,59,CR(제어압연),926,10,89,1호기1열
0,C,12,2900,53500,적용,1161,56,1160,54,CR(제어압연),891,10,105,2호기1열
0,C,12,2900,53500,적용,1161,56,1160,54,CR(제어압연),891,10,81,2호기1열
0,C,12,2800,54400,적용,1172,60,1161,74,CR(제어압연),919,10,72,1호기2열
0,C,12,2800,54400,적용,1172,60,1161,74,CR(제어압연),919,10,82,1호기2열
0,C,12,3000,51700,적용,1181,71,1164,56,CR(제어압연),926,10,70,2호기2열
0,C,12,3000,51700,적용,1181,71,1164,56,CR(제어압연),926,10,57,2호기2열
0,C,12,2900,51800,적용,1172,70,1163,71,CR(제어압연),936,10,66,3호기1열
0,C,12,2900,51800,적용,1172,70,1163,71,CR(제어압연),936,10,101,3호기1열
0,C,12,2900,51800,적용,1180,65,1162,65,CR(제어압연),878,10,103,3호기2열
1,C,12,2900,51800,미적용,1180,65,1162,65,CR(제어압연),878,10,58,3호기2열
1,C,12,2800,54800,적용,1177,60,1163,65,CR(제어압연),887,9,69,1호기1열
0,C,12,2800,54800,적용,1177,60,1163,65,CR(제어압연),887,10,58,1호기1열
0,C,12,2900,52300,적용,1159,106,1156,74,CR(제어압연),894,10,100,1호기2열
0,C,12,2900,52300,적용,1159,93,1156,74,CR(제어압연),894,10,91,1호기2열
1,C,12,2900,52900,미적용,1185,79,1163,58,CR(제어압연),902,10,85,3호기1열
0,C,12,2900,52900,적용,1185,79,1163,58,CR(제어압연),902,10,70,3호기1열
0,C,13,2900,51500,적용,1174,65,1168,58,CR(제어압연),908,10,84,3호기2열
0,C,13,2900,51500,적용,1174,65,1168,58,CR(제어압연),908,10,57,3호기2열
0,C,13,2900,51500,적용,1174,65,1168,58,CR(제어압연),908,10,62,3호기2열
0,C,12,2900,52900,적용,1160,60,1159,77,CR(제어압연),894,10,95,2호기1열
0,C,12,2900,52900,적용,1160,60,1159,77,CR(제어압연),894,10,57,2호기1열
0,C,12,2900,53300,적용,1160,69,1160,65,CR(제어압연),888,10,83,2호기2열
0,C,12,2900,53300,적용,1160,69,1160,65,CR(제어압연),888,10,82,2호기2열
0,C,12,3100,50500,적용,1183,66,1166,68,CR(제어압연),896,10,75,1호기1열
0,C,12,3100,50500,적용,1183,66,1166,68,CR(제어압연),896,10,83,1호기1열
0,C,12,3100,50500,적용,1183,66,1166,68,CR(제어압연),896,10,73,1호기1열
0,C,12,3000,50100,적용,1173,55,1164,78,CR(제어압연),891,10,105,1호기2열
0,C,12,3000,50100,적용,1173,55,1164,78,CR(제어압연),891,10,66,1호기2열
0,C,12,3000,50100,적용,1173,55,1164,78,CR(제어압연),891,10,58,1호기2열
0,C,12,3200,52200,적용,1184,61,1161,63,CR(제어압연),916,10,96,2호기1열
0,C,12,3200,52200,적용,1184,61,1161,63,CR(제어압연),916,10,73,2호기1열
0,C,12,3100,53800,적용,1174,74,1159,61,CR(제어압연),919,10,92,2호기2열
0,C,12,3100,53800,적용,1179,65,1163,71,CR(제어압연),913,10,79,3호기1열
0,C,17,3500,32300,적용,1156,65,1160,72,CR(제어압연),938,10,94,3호기2열
0,C,17,3500,32300,적용,1156,65,1160,72,CR(제어압연),938,10,78,3호기2열
0,C,15,3200,48200,적용,1150,61,1169,61,CR(제어압연),947,10,96,2호기1열
0,C,15,3200,48200,적용,1150,61,1169,61,CR(제어압연),947,10,94,2호기1열
0,C,18,3300,40600,적용,1174,66,1160,71,CR(제어압연),965,10,102,1호기1열
0,C,18,3300,40600,적용,1174,66,1160,71,CR(제어압연),965,10,85,1호기1열
1,C,20,3600,38600,적용,1172,72,1164,62,CR(제어압연),1005,8,88,3호기1열
1,C,20,3600,38600,적용,1172,72,1164,62,CR(제어압연),1005,8,83,3호기1열
1,C,20,3600,38600,적용,1172,72,1164,62,CR(제어압연),1005,8,57,3호기1열
1,C,20,3600,38600,적용,1172,72,1164,62,CR(제어압연),1005,8,63,3호기1열
0,C,16,3400,48700,적용,1179,86,1163,45,CR(제어압연),940,10,66,3호기2열
0,C,19,3400,41500,적용,1142,55,1151,86,CR(제어압연),948,10,62,1호기2열
0,C,19,3400,41500,적용,1142,55,1151,86,CR(제어압연),948,10,68,1호기2열
0,C,17,3400,43700,적용,1169,65,1163,77,CR(제어압연),948,10,85,2호기2열
0,C,17,3400,43700,적용,1169,65,1163,77,CR(제어압연),948,10,62,2호기2열
0,C,16,3400,54200,적용,1186,82,1169,45,CR(제어압연),957,10,81,3호기1열
